Alabama 1,R+15,Bradley Byrne,Republican,2013 (Special),Incumbent re-elected.,√ Bradley Byrne (Republican) 63.3%[64]
,,,,,,Robert Kennedy Jr. (Democratic) 36.7%[65]
Alabama 2,R+16,Martha Roby,Republican,2010,Incumbent re-elected.,√ Martha Roby (Republican) 61.5%[64]
,,,,,,Tabitha Isner (Democratic) 38.5%[65]
Alabama 3,R+16,Mike Rogers,Republican,2002,Incumbent re-elected.,√ Mike Rogers (Republican) 63.8%[64]
,,,,,,Mallory Hagan (Democratic) 36.2%[65]
Alabama 4,R+30,Robert Aderholt,Republican,1996,Incumbent re-elected.,√ Robert Aderholt (Republican) 79.9%[64]
,,,,,,Lee Auman (Democratic) 20.1%[65]
Alabama 5,R+18,Mo Brooks,Republican,2010,Incumbent re-elected.,√ Mo Brooks (Republican) 61.1%[64]
,,,,,,Peter Joffrion (Democratic) 39.9%[65]
Alabama 6,R+26,Gary Palmer,Republican,2014,Incumbent re-elected.,√ Gary Palmer (Republican) 69.3% [64]
,,,,,,Danner Kline (Democratic) 30.7%[65]
Alabama 7,D+20,Terri Sewell,Democratic,2010,Incumbent re-elected.,√ Terri Sewell (Democratic) Unopposed [65]
Alaska at-large,R+9,Don Young,Republican,1972,Incumbent re-elected.,√ Don Young (Republican) 53.1%[66]
,,,,,,Alyse Galvin (Undeclared/Democratic) 46.9%[g][66]
Arizona 1,R+2,Tom O'Halleran,Democratic,2016,Incumbent re-elected.,√ Tom O'Halleran (Democratic) 53.8%[67]
,,,,,,Wendy Rogers (Republican) 46.2%[67]
Arizona 2,R+1,Martha McSally,Republican,2014,Incumbent retired to run for U.S. Senator.,√ Ann Kirkpatrick (Democratic) 54.4%[67]
,,,,,New member elected.,Lea Marquez-Peterson (Republican) 45.6%[67]
,,,,,Democratic gain.,
Arizona 3,D+13,Raúl Grijalva,Democratic,2002,Incumbent re-elected.,√ Raúl Grijalva (Democratic) 63.4%[67]
,,,,,,Nick Pierson (Republican) 36.6%[67]
Arizona 4,R+21,Paul Gosar,Republican,2010,Incumbent re-elected.,√ Paul Gosar (Republican) 68.2%[67]
,,,,,,David Brill (Democratic) 30.5%
,,,,,,Haryaksha Gregor Knauer (Green) 1.3%[67]
Arizona 5,R+15,Andy Biggs,Republican,2016,Incumbent re-elected.,√ Andy Biggs (Republican) 59.4%[67]
,,,,,,Joan Greene (Democratic) 40.6%[67]
Arizona 6,R+9,David Schweikert,Republican,2010,Incumbent re-elected.,√ David Schweikert (Republican) 55.3%[67]
,,,,,,Anita Malik (Democratic) 44.7%[67]
Arizona 7,D+23,Ruben Gallego,Democratic,2014,Incumbent re-elected.,√ Ruben Gallego (Democratic) 85.7% [67]
,,,,,,Gary Swing (Green) 14.3%[67]
Arizona 8,R+13,Debbie Lesko,Republican,2018 (Special),Incumbent re-elected.,√ Debbie Lesko (Republican) 55.6%[67]
,,,,,,Hiral Tipirneni (Democratic) 44.4%[67]
Arizona 9,D+4,Kyrsten Sinema,Democratic,2012,Incumbent retired to run for U.S. Senator.,√ Greg Stanton (Democratic) 60.9%[67]
,,,,,New member elected.,Steve Ferrara (Republican) 39.1%[67]
,,,,,Democratic hold.,
Arkansas 1,R+17,Rick Crawford,Republican,2010,Incumbent re-elected.,√ Rick Crawford (Republican) 69.0% [68]
,,,,,,Chintan Desai (Democratic) 28.7%[68]
,,,,,,Elvis Presley (Libertarian) 2.3% [68]
Arkansas 2,R+7,French Hill,Republican,2014,Incumbent re-elected.,√ French Hill (Republican) 52.1%[68]
,,,,,,Clarke Tucker (Democratic) 45.8%[68]
,,,,,,Joe Ryne Swafford (Libertarian) 2.0%[68]
Arkansas 3,R+19,Steve Womack,Republican,2010,Incumbent re-elected.,√ Steve Womack (Republican)64.9%[68]
,,,,,,Josh Mahony (Democratic) 32.5%[68]
,,,,,,Michael Kalagias (Libertarian) 2.6%[68]
,,,,,,Josh Moody (Independent)[68]
Arkansas 4,R+17,Bruce Westerman,Republican,2014,Incumbent re-elected.,√ Bruce Westerman (Republican) 66.8%[68]
,,,,,,Hayden Shamel (Democratic) 31.3%[68]
,,,,,,Tom Canada (Libertarian) 1.9%[68]
,,,,,,Jack Foster (Independent)[68]
,,,,,,Lee McQueen (Independent)[68]
California 1,R+11,Doug LaMalfa,Republican,2012,Incumbent re-elected.,√ Doug LaMalfa (Republican)[69]
,,,,,,Audrey Denney (Democratic)[69]
California 2,D+22,Jared Huffman,Democratic,2012,Incumbent re-elected.,√ Jared Huffman (Democratic)[69]
,,,,,,Dale Mensing (Republican)[69]
California 3,D+5,John Garamendi,Democratic,2009 (Special),Incumbent re-elected.,√ John Garamendi (Democratic)[69]
,,,,,,Charlie Schaupp (Republican)[69]
California 4,R+10,Tom McClintock,Republican,2008,Incumbent re-elected.,√ Tom McClintock (Republican)[69]
,,,,,,Jessica Morse (Democratic)[69]
California 5,D+21,Mike Thompson,Democratic,1998,Incumbent re-elected.,√ Mike Thompson (Democratic)[69]
,,,,,,Anthony Mills (No party preference)[69]
California 6,D+21,Doris Matsui,Democratic,2005 (Special),Incumbent re-elected.,√ Doris Matsui (Democratic)[69]
,,,,,,Jrmar Jefferson (Democratic)[69]
California 7,D+3,Ami Bera,Democratic,2012,Incumbent re-elected.,√ Ami Bera (Democratic)[69]
,,,,,,Andrew Grant (Republican)[69]
California 8,R+9,Paul Cook,Republican,2012,Incumbent re-elected.,√ Paul Cook (Republican)[69]
,,,,,,Tim Donnelly (Republican)[69]
California 9,D+8,Jerry McNerney,Democratic,2006,Incumbent re-elected.,√ Jerry McNerney (Democratic)[69]
,,,,,,Marla Livengood (Republican)[69]
California 10,EVEN,Jeff Denham,Republican,2010,Incumbent lost re-election.,√ Josh Harder (Democratic)[69]
,,,,,New member elected.,Jeff Denham (Republican)[69]
,,,,,Democratic gain.,
California 11,D+21,Mark DeSaulnier,Democratic,2014,Incumbent re-elected.,√ Mark DeSaulnier (Democratic)[69]
,,,,,,John Fitzgerald (Republican)[69]
California 12,D+37,Nancy Pelosi,Democratic,1987,Incumbent re-elected.,√ Nancy Pelosi (Democratic)[69]
,,,,,,Lisa Remmer (Republican)[69]
California 13,D+40,Barbara Lee,Democratic,1998 (Special),Incumbent re-elected.,√ Barbara Lee (Democratic)[69]
,,,,,,Laura Wells (Green)[70]
California 14,D+27,Jackie Speier,Democratic,2008 (Special),Incumbent re-elected.,√ Jackie Speier (Democratic)[69]
,,,,,,Cristina Osmeña (Republican)[69]
California 15,D+20,Eric Swalwell,Democratic,2012,Incumbent re-elected.,√ Eric Swalwell (Democratic)[69]
,,,,,,Rudy Peters (Republican)[69]
California 16,D+9,Jim Costa,Democratic,2004,Incumbent re-elected.,√ Jim Costa (Democratic)[69]
,,,,,,Elizabeth Heng (Republican)[69]
California 17,D+25,Ro Khanna,Democratic,2016,Incumbent re-elected.,√ Ro Khanna (Democratic)[69]
,,,,,,Ron Cohen (Republican)[69]
California 18,D+23,Anna Eshoo,Democratic,1992,Incumbent re-elected.,√ Anna Eshoo (Democratic)[69]
,,,,,,Christine Russell (Republican)[69]
California 19,D+24,Zoe Lofgren,Democratic,1994,Incumbent re-elected.,√ Zoe Lofgren (Democratic)[69]
,,,,,,Justin Aguilera (Republican)[71]
California 20,D+23,Jimmy Panetta,Democratic,2016,Incumbent re-elected.,√ Jimmy Panetta (Democratic)[69]
,,,,,,Ronald Kabat (No party preference)[69]
California 21,D+5,David Valadao,Republican,2012,Incumbent lost re-election.,√ TJ Cox (Democratic)[69]
,,,,,New member elected.,David Valadao (Republican)[69]
,,,,,Democratic gain.,
California 22,R+8,Devin Nunes,Republican,2002,Incumbent re-elected.,√ Devin Nunes (Republican)[69]
,,,,,,Andrew Janz (Democratic)[69]
California 23,R+14,Kevin McCarthy,Republican,2006,Incumbent re-elected.,√ Kevin McCarthy (Republican)[69]
,,,,,,Tatiana Matta (Democratic)[69]
California 24,D+7,Salud Carbajal,Democratic,2016,Incumbent re-elected.,√ Salud Carbajal (Democratic)[69]
,,,,,,Justin Fareed (Republican)[69]
California 25,EVEN,Steve Knight,Republican,2014,Incumbent lost re-election.,√ Katie Hill (Democratic)[69]
,,,,,New member elected.,Steve Knight (Republican)[69]
,,,,,Democratic gain.,
California 26,D+7,Julia Brownley,Democratic,2012,Incumbent re-elected.,√ Julia Brownley (Democratic)[69]
,,,,,,Antonio Sabàto Jr. (Republican)[69]
California 27,D+16,Judy Chu,Democratic,2009 (Special),Incumbent re-elected.,√ Judy Chu (Democratic)[69]
,,,,,,Bryan Witt (Democratic)[69]
California 28,D+23,Adam Schiff,Democratic,2000,Incumbent re-elected.,√ Adam Schiff (Democratic)[69]
,,,,,,Johnny Nalbandian (Republican)[69]
California 29,D+29,Tony Cárdenas,Democratic,2012,Incumbent re-elected.,√ Tony Cárdenas (Democratic)[69]
,,,,,,Benito Bernal (Republican)[69]
California 30,D+18,Brad Sherman,Democratic,1996,Incumbent re-elected.,√ Brad Sherman (Democratic)[69]
,,,,,,Mark Reed (Republican)[69]
California 31,D+8,Pete Aguilar,Democratic,2014,Incumbent re-elected.,√ Pete Aguilar (Democratic)[69]
,,,,,,Sean Flynn (Republican)[69]
California 32,D+17,Grace Napolitano,Democratic,1998,Incumbent re-elected.,√ Grace Napolitano (Democratic)[69]
,,,,,,Joshua Scott (Republican)[71]
California 33,D+16,Ted Lieu,Democratic,2014,Incumbent re-elected.,√ Ted Lieu (Democratic)[69]
,,,,,,Kenneth Wright (Republican)[69]
California 34,D+35,Jimmy Gomez,Democratic,2017 (Special),Incumbent re-elected.,√ Jimmy Gomez (Democratic)[69]
,,,,,,Kenneth Mejia (Green)[69]
California 35,D+19,Norma Torres,Democratic,2014,Incumbent re-elected.,√ Norma Torres (Democratic)[69]
,,,,,,Christian Valiente (Republican)[69]
California 36,D+2,Raul Ruiz,Democratic,2012,Incumbent re-elected.,√ Raul Ruiz (Democratic)[69]
,,,,,,Kimberlin Brown Pelzer (Republican)[69]
California 37,D+37,Karen Bass,Democratic,2010,Incumbent re-elected.,√ Karen Bass (Democratic)[69]
,,,,,,Ron Bassilian (Republican)[69]
California 38,D+17,Linda Sánchez,Democratic,2002,Incumbent re-elected.,√ Linda Sánchez (Democratic)[69]
,,,,,,Ryan Downing (Republican)[69]
California 39,EVEN,Ed Royce,Republican,1992,Incumbent retired.,√ Gil Cisneros (Democratic)[69]
,,,,,New member elected.,Young Kim (Republican)[69]
,,,,,Democratic gain.,
California 40,D+33,Lucille Roybal-Allard,Democratic,1992,Incumbent re-elected.,√ Lucille Roybal-Allard (Democratic)[69]
,,,,,,Rodolfo Barragan (Green)[69]
California 41,D+12,Mark Takano,Democratic,2012,Incumbent re-elected.,√ Mark Takano (Democratic)[69]
,,,,,,Aja Smith (Republican)[69]
California 42,R+9,Ken Calvert,Republican,1992,Incumbent re-elected.,√ Ken Calvert (Republican)[69]
,,,,,,Julia Peacock (Democratic)[69]
California 43,D+29,Maxine Waters,Democratic,1990,Incumbent re-elected.,√ Maxine Waters (Democratic)[69]
,,,,,,Omar Navarro (Republican)[69]
California 44,D+35,Nanette Barragán,Democratic,2016,Incumbent re-elected.,√ Nanette Barragán (Democratic)[69]
,,,,,,Aja Brown (Democratic)[69]
California 45,R+3,Mimi Walters,Republican,2014,Incumbent lost re-election.,√ Katie Porter (Democratic)[69]
,,,,,New member elected.,Mimi Walters (Republican)[69]
,,,,,Democratic gain.,
California 46,D+15,Lou Correa,Democratic,2016,Incumbent re-elected.,√ Lou Correa (Democratic)[69]
,,,,,,Russell Lambert (Republican)[69]
California 47,D+13,Alan Lowenthal,Democratic,2012,Incumbent re-elected.,√ Alan Lowenthal (Democratic)[69]
,,,,,,John Briscoe (Republican)[69]
California 48,R+4,Dana Rohrabacher,Republican,1988,Incumbent lost re-election.,√ Harley Rouda (Democratic)[69]
,,,,,New member elected.,Dana Rohrabacher (Republican)[69]
,,,,,Democratic gain.,
California 49,R+1,Darrell Issa,Republican,2000,Incumbent retired.,√ Mike Levin (Democratic)[69]
,,,,,New member elected.,Diane Harkey (Republican)[69]
,,,,,Democratic gain.,
California 50,R+11,Duncan Hunter,Republican,2008,Incumbent re-elected.,√ Duncan Hunter (Republican)[69]
,,,,,,Ammar Campa-Najjar (Democratic)[69]
California 51,D+22,Juan Vargas,Democratic,2012,Incumbent re-elected.,√ Juan Vargas (Democratic)[69]
,,,,,,Juan Hidalgo Jr. (Republican)[69]
California 52,D+6,Scott Peters,Democratic,2012,Incumbent re-elected.,√ Scott Peters (Democratic)[69]
,,,,,,Omar Qudrat (Republican)[69]
California 53,D+14,Susan Davis,Democratic,2000,Incumbent re-elected.,√ Susan Davis (Democratic)[69]
,,,,,,Morgan Murtaugh (Republican)[69]
Colorado 1,D+21,Diana DeGette,Democratic,1996,Incumbent re-elected.,√ Diana DeGette (Democratic)[72]
,,,,,,Casper Stockham (Republican)[72]
,,,,,,Gary Swing (Unity)[73]
Colorado 2,D+9,Jared Polis,Democratic,2008,Incumbent retired to run for Governor.,√ Joe Neguse (Democratic)[72]
,,,,,New member elected.,Peter Yu (Republican)[72]
,,,,,Democratic hold.,
Colorado 3,R+6,Scott Tipton,Republican,2010,Incumbent re-elected.,√ Scott Tipton (Republican)[72]
,,,,,,Mary Malarsie (Independent)[74]
,,,,,,Diane Mitsch Bush (Democratic)[72]
Colorado 4,R+13,Ken Buck,Republican,2014,Incumbent re-elected.,√ Ken Buck (Republican)[72]
,,,,,,Karen McCormick (Democratic)[72]
Colorado 5,R+14,Doug Lamborn,Republican,2006,Incumbent re-elected.,√ Doug Lamborn (Republican)[72]
,,,,,,Stephany Rose Spaulding (Democratic)[72]
Colorado 6,D+2,Mike Coffman,Republican,2008,Incumbent lost re-election.,√ Jason Crow (Democratic)[72]
,,,,,New member elected.,Mike Coffman (Republican)[72]
,,,,,Democratic gain.,
Colorado 7,D+6,Ed Perlmutter,Democratic,2006,Incumbent re-elected.,√ Ed Perlmutter (Democratic) 60.4%[72]
,,,,,,Mark Barrington (Republican) 35.4%[72]
Connecticut 1,D+12,John Larson,Democratic,1998,Incumbent re-elected.,√ John Larson (Democratic) 63.7%[75]
,,,,,,Jennifer Nye (Republican) 35.2%[76]
,,,,,,Thomas McCormick (Green) 1.1%
Connecticut 2,D+3,Joe Courtney,Democratic,2006,Incumbent re-elected.,√ Joe Courtney (Democratic) 62.1% [77]
,,,,,,Danny Postemski (Republican) 35.5%[76]
,,,,,,Michelle Bicking (Green) 1.2%
Connecticut 3,D+9,Rosa DeLauro,Democratic,1990,Incumbent re-elected.,√ Rosa DeLauro (Democratic) 64.6%[78]
,,,,,,Angel Cadena (Republican) 35.4%[76]
Connecticut 4,D+7,Jim Himes,Democratic,2008,Incumbent re-elected.,√ Jim Himes (Democratic) 61.2%[79]
,,,,,,Harry Arora (Republican) 38.8%[76]
Connecticut 5,D+2,Elizabeth Esty,Democratic,2012,Incumbent retired.,√ Jahana Hayes (Democratic) 55.9%[80]
,,,,,New member elected.,Manny Santos (Republican) 44.1%[76]
,,,,,Democratic hold.,
Delaware at-large,D+6,Lisa Blunt Rochester,Democratic,2016,Incumbent re-elected.,√ Lisa Blunt Rochester (Democratic) 64.5%[81]
,,,,,,Scott Walker (Republican) 35.5%[81]
Florida 1,R+22,Matt Gaetz,Republican,2016,Incumbent re-elected.,√ Matt Gaetz (Republican) 67.1%[82]
,,,,,,Jennifer Zimmerman (Democratic) 32.9%[82]
Florida 2,R+18,Neal Dunn,Republican,2016,Incumbent re-elected.,√ Neal Dunn (Republican) 67.4%[82]
,,,,,,Bob Rackleff (Democratic) 32.6%[82]
Florida 3,R+9,Ted Yoho,Republican,2012,Incumbent re-elected.,√ Ted Yoho (Republican) 57.6% [82]
,,,,,,Yvonne Hayes Hinson (Democratic) 42.4%[82]
Florida 4,R+17,John Rutherford,Republican,2016,Incumbent re-elected.,√ John Rutherford (Republican) 65.2%[82]
,,,,,,Ges Selmont (Democratic) 32.3%[82]
,,,,,,Joceline Berrios (No Party Affiliation) 1.9%[82]
,,,,,,Jason Bulger (No Party Affiliation) 0.6%[82]
Florida 5,D+12,Al Lawson,Democratic,2016,Incumbent re-elected.,√ Al Lawson (Democratic) 66.8%[82]
,,,,,,Virginia Fuller (Republican) 33.2%[82]
Florida 6,R+7,Vacant,,,Rep. Ron DeSantis (R) resigned after the filing deadline.,√ Michael Waltz (Republican) 56.3%[82]
,,,,,New member elected.,Nancy Soderberg (Democratic) 43.7%[82]
,,,,,Republican hold.,
Florida 7,EVEN,Stephanie Murphy,Democratic,2016,Incumbent re-elected.,√ Stephanie Murphy (Democratic) 58.0%[82]
,,,,,,Mike Miller (Republican) 42.0%[82]
Florida 8,R+11,Bill Posey,Republican,2008,Incumbent re-elected.,√ Bill Posey (Republican) 60.5%[82]
,,,,,,Sanjay Patel (Democratic) 39.5%[82]
Florida 9,D+5,Darren Soto,Democratic,2016,Incumbent re-elected.,√ Darren Soto (Democratic) 58.0%[82]
,,,,,,Wayne Liebnitzky (Republican) 42.0%[82]
Florida 10,D+11,Val Demings,Democratic,2016,Incumbent re-elected.,√ Val Demings (Democratic) Unopposed[82]
Florida 11,R+15,Daniel Webster,Republican,2010,Incumbent re-elected.,√ Daniel Webster (Republican) 65.2%[82]
,,,,,,Dana Cottrell (Democratic) 34.8%[82]
Florida 12,R+8,Gus Bilirakis,Republican,2006,Incumbent re-elected.,√ Gus Bilirakis (Republican) 58.1%[82]
,,,,,,Chris Hunter (Democratic) 37.2%[82]
,,,,,,Angelika Purkis (No Party Affiliation) 2.2%[82]
Florida 13,D+2,Charlie Crist,Democratic,2016,Incumbent re-elected.,√ Charlie Crist (Democratic) 57.6%[82]
,,,,,,George Buck (Republican) 42.4%[82]
Florida 14,D+7,Kathy Castor,Democratic,2006,Incumbent re-elected.,√ Kathy Castor (Democratic) Unopposed[82]
Florida 15,R+6,Dennis Ross,Republican,2010,Incumbent retired.,√ Ross Spano (Republican) 53.0%[82]
,,,,,New member elected.,Kristen Carlson (Democratic) 47.0%[82]
,,,,,Republican hold.,
Florida 16,R+7,Vern Buchanan,Republican,2006,Incumbent re-elected.,√ Vern Buchanan (Republican) 54.6%[82]
,,,,,,David Shapiro (Democratic) 45.4%[82]
Florida 17,R+13,Tom Rooney,Republican,2008,Incumbent retired.,√ Greg Steube (Republican) 62.3%[82]
,,,,,New member elected.,Allen Ellison (Democratic)37.7%[h][82]
,,,,,Republican hold.,
Florida 18,R+5,Brian Mast,Republican,2016,Incumbent re-elected.,√ Brian Mast (Republican) 54.3%[82]
,,,,,,Lauren Baer (Democratic) 45.7%[82]
Florida 19,R+13,Francis Rooney,Republican,2016,Incumbent re-elected.,√ Francis Rooney (Republican) 62.3%[82]
,,,,,,David Holden (Democratic) 37.7%[82]
Florida 20,D+31,Alcee Hastings,Democratic,1992,Incumbent re-elected.,√ Alcee Hastings (Democratic) Unopposed[82]
Florida 21,D+9,Lois Frankel,Democratic,2012,Incumbent re-elected.,√ Lois Frankel (Democratic) Unopposed[82]
Florida 22,D+6,Ted Deutch,Democratic,2010 (Special),Incumbent re-elected.,√ Ted Deutch (Democratic) 62.0%[82]
,,,,,,Nicolas Kimaz (Republican) 38.0%[82]
Florida 23,D+11,Debbie Wasserman Schultz,Democratic,2004,Incumbent re-elected.,√ Debbie Wasserman Schultz (Democratic) 58.5%[82]
,,,,,,Joseph Kaufman (Republican) 36.0%[82]
,,,,,,Tim Canova (No Party Affiliation) 5.0%[82]
,,,,,,Don Endriss (No Party Affiliation) 0.6%[82]
Florida 24,D+34,Frederica Wilson,Democratic,2010,Incumbent re-elected.,√ Frederica Wilson (Democratic) Unopposed[82]
Florida 25,R+4,Mario Díaz-Balart,Republican,2002,Incumbent re-elected.,√ Mario Díaz-Balart (Republican) 60.5%[82]
,,,,,,Mary Barzee Flores (Democratic) 39.5%[82]
Florida 26,D+6,Carlos Curbelo,Republican,2014,Incumbent lost re-election.,√ Debbie Mucarsel-Powell (Democratic) 50.9%[82]
,,,,,New member elected.,Carlos Curbelo (Republican) 49.1%[82]
,,,,,Democratic gain.,
Florida 27,D+5,Ileana Ros-Lehtinen,Republican,1989,Incumbent retired.,√ Donna Shalala (Democratic) 51.8%[82]
,,,,,New member elected.,Maria Elvira Salazar (Republican) 45.8%[82]
,,,,,Democratic gain.,Mayra Joli (No Party Affiliation) 2.5%[82]
Georgia 1,R+9,Buddy Carter,Republican,2014,Incumbent re-elected.,√ Buddy Carter (Republican) 57.7%[84]
,,,,,,Lisa Ring (Democratic) 42.3%[84]
Georgia 2,D+6,Sanford Bishop,Democratic,1992,Incumbent re-elected.,√ Sanford Bishop (Democratic) 59.6%[84]
,,,,,,Herman West (Republican) 40.4%[84]
Georgia 3,R+18,Drew Ferguson,Republican,2016,Incumbent re-elected.,√ Drew Ferguson (Republican) 65.5%[84]
,,,,,,Chuck Enderlin (Democratic) 34.5%[84]
Georgia 4,D+24,Hank Johnson,Democratic,2006,Incumbent re-elected.,√ Hank Johnson (Democratic) 78.8%[84]
,,,,,,Joe Profit (Republican) 21.2%[84]
Georgia 5,D+34,John Lewis,Democratic,1986,Incumbent re-elected.,√ John Lewis (Democratic) Unopposed[84]
,,,,,,David McCaigue (L)[85]
Georgia 6,R+8,Karen Handel,Republican,2017 (Special),Incumbent lost re-election.,√ Lucy McBath (Democratic) 50.5%[86][84]
,,,,,New member elected.,Karen Handel (Republican) 49.5%[84]
,,,,,Democratic gain.,"Jeremy ""Carlton Heston"" Stubbs (write-in)[84][87][88]"
Georgia 7,R+9,Rob Woodall,Republican,2010,Incumbent re-elected.,√ Rob Woodall (Republican) 50.07%[84]
,,,,,,Carolyn Bourdeaux (Democratic) 49.93%[84]
Georgia 8,R+15,Austin Scott,Republican,2010,Incumbent re-elected.,√ Austin Scott (Republican)[84]
,,,,,,Jimmy Cooper (G/Write-in)[89]
Georgia 9,R+31,Doug Collins,Republican,2012,Incumbent re-elected.,√ Doug Collins (Republican) 79.5%[84]
,,,,,,Josh McCall (Democratic) 20.5%[84]
,,,,,,Robin Gilmer (Libertarian)[84]
,,,,,,Clifford Baxter(write-in)[90]
Georgia 10,R+15,Jody Hice,Republican,2014,Incumbent re-elected.,√ Jody Hice (Republican) 62.9%[84]
,,,,,,Tabitha Johnson-Green (Democratic) 37.1%[84]
Georgia 11,R+17,Barry Loudermilk,Republican,2014,Incumbent re-elected.,√ Barry Loudermilk (Republican) 61.8%[84]
,,,,,,Flynn Broady (Democratic) 38.2%[84]
Georgia 12,R+9,Rick Allen,Republican,2014,Incumbent re-elected.,√ Rick Allen (Republican) 59.5%[84]
,,,,,,Francys Johnson (Democratic) 40.5%[84]
,,,,,,Brian Brown (write-in)[90]
Georgia 13,D+20,David Scott,Democratic,2002,Incumbent re-elected.,√ David Scott (Democratic) 76.2%[84]
,,,,,,David Callahan (Republican) 23.8%[84]
,,,,,,Martin Cowen (Libertarian)[84]
Georgia 14,R+27,Tom Graves,Republican,2010 (Special),Incumbent re-elected.,√ Tom Graves (Republican) 76.5%[84]
,,,,,,Steve Foster (Democratic) 23.5%[84]
Hawaii 1,D+17,Colleen Hanabusa,Democratic,2016,Incumbent retired to run for Governor.,√ Ed Case (Democratic) 73.1%[91]
,,,,,New member elected.,Campbell Cavasso (Republican) 23.1%[91]
,,,,,Democratic hold.,Michelle Tippens (Libertarian) 1.9%[91]
,,,,,,Zachary Burd (Green) 1.2%[91]
,,,,,,Calvin Griffin (Nonpartisan) 0.7%[91]
Hawaii 2,D+19,Tulsi Gabbard,Democratic,2012,Incumbent re-elected.,√ Tulsi Gabbard (Democratic) 77.4%[91]
,,,,,,Brian Evans (Republican) 22.6%[91]
Idaho 1,R+21,Raúl Labrador,Republican,2010,Incumbent retired to run for Governor.,√ Russ Fulcher (Republican) 63.3%[92]
,,,,,New member elected.,Cristina McNeil (Democratic) 30.3%[92]
,,,,,Republican hold.,Natalie Fleming (Independent) 2.0%
,,,,,,Scott Howard (Libertarian) 1.7%[92]
,,,,,,Paul Farmer (Independent) 1.4%
,,,,,,Pro-Life (Constitution) 1.0%
,,,,,,Gordon Counsil (Independent) 0.3%
Idaho 2,R+17,Mike Simpson,Republican,1998,Incumbent re-elected.,√ Mike Simpson (Republican) 60.7%[92]
,,,,,,Aaron Swisher (Democratic) 39.3%[92]
Illinois 1,D+27,Bobby Rush,Democratic,1992,Incumbent re-elected.,√ Bobby Rush (Democratic)[93]
,,,,,,Jimmy Tillman (Republican)[93]
Illinois 2,D+29,Robin Kelly,Democratic,2013 (Special),Incumbent re-elected.,√ Robin Kelly (Democratic) 81.0%[93]
,,,,,,David Merkle (Republican) 19.0%[93]
Illinois 3,D+6,Dan Lipinski,Democratic,2004,Incumbent re-elected.,√ Dan Lipinski (Democratic) 73.7%[93]
,,,,,,Arthur Jones (Republican) 26.3%[93]
Illinois 4,D+33,Luis Gutiérrez,Democratic,1992,Incumbent retired.,"√ Jesús ""Chuy"" García (Democratic) 86.5%[93]"
,,,,,New member elected.,Mark Lorch (Republican) 13.5%[93]
,,,,,Democratic hold.,
Illinois 5,D+20,Mike Quigley,Democratic,2008,Incumbent re-elected.,√ Mike Quigley (Democratic)[93]
,,,,,,Tom Hanson (Republican)[93]
Illinois 6,R+2,Peter Roskam,Republican,2006,Incumbent lost re-election.,√ Sean Casten (Democratic)[93]
,,,,,New member elected.,Peter Roskam (Republican)[93]
,,,,,Democratic gain.,
Illinois 7,D+38,Danny Davis,Democratic,1996,Incumbent re-elected.,√ Danny Davis (Democratic) 87.6%[93]
,,,,,,Craig Cameron (Republican) 12.4%[93]
Illinois 8,D+8,Raja Krishnamoorthi,Democratic,2016,Incumbent re-elected.,√ Raja Krishnamoorthi (Democratic) 65.7%[93]
,,,,,,JD Diganvker (Republican) 34.3%[93]
Illinois 9,D+18,Jan Schakowsky,Democratic,1998,Incumbent re-elected.,√ Jan Schakowsky (Democratic) 73.3%[93]
,,,,,,John Elleson (Republican) 26.7%[93]
Illinois 10,D+10,Brad Schneider,Democratic,2016,Incumbent re-elected.,√ Brad Schneider (Democratic) 65.4%[93]
,,,,,,Douglas Bennett (Republican) 34.6%[93]
Illinois 11,D+9,Bill Foster,Democratic,2012,Incumbent re-elected.,√ Bill Foster (Democratic) 63.6%[93]
,,,,,,Nick Stella (Republican) 36.4%[93]
Illinois 12,R+5,Mike Bost,Republican,2014,Incumbent re-elected.,√ Mike Bost (Republican) 51.7%[93]
,,,,,,Brendan Kelly (Democratic) 45.3%[93]
,,,,,,Randall Auxier (Green) 3.0%[94]
Illinois 13,R+3,Rodney Davis,Republican,2012,Incumbent re-elected.,√ Rodney Davis (Republican) 52.2%[93]
,,,,,,Betsy Dirksen Londrigan (Democratic) 47.8%[93]
Illinois 14,R+5,Randy Hultgren,Republican,2010,Incumbent lost re-election.,√ Lauren Underwood (Democratic) 51.9%[93]
,,,,,New member elected.,Randy Hultgren (Republican) 48.1%[93]
,,,,,Democratic gain.,
Illinois 15,R+21,John Shimkus,Republican,1996,Incumbent re-elected.,√ John Shimkus (Republican) 71.7%[93]
,,,,,,Kevin Gaither (Democratic) 28.3%[93]
Illinois 16,R+8,Adam Kinzinger,Republican,2010,Incumbent re-elected.,√ Adam Kinzinger (Republican) 59.5%[93]
,,,,,,Sara Dady (Democratic) 40.4%[93]
Illinois 17,D+3,Cheri Bustos,Democratic,2012,Incumbent re-elected.,√ Cheri Bustos (Democratic) 61.9%[93]
,,,,,,Bill Fawell (Republican) 38.1%[93]
Illinois 18,R+15,Darin LaHood,Republican,2015 (Special),Incumbent re-elected.,√ Darin LaHood (Republican) 67.2%[93]
,,,,,,Junius Rodriguez (Democratic) 32.8%[93]
Indiana 1,D+8,Pete Visclosky,Democratic,1984,Incumbent re-elected.,√ Pete Visclosky (Democratic) 65.1%[95]
,,,,,,Mark Leyva (Republican) 34.9%[95]
Indiana 2,R+11,Jackie Walorski,Republican,2012,Incumbent re-elected.,√ Jackie Walorski (Republican)[95]
,,,,,,Mel Hall (Democratic)[95]
Indiana 3,R+18,Jim Banks,Republican,2016,Incumbent re-elected.,√ Jim Banks (Republican) 64.7%[95]
,,,,,,Courtney Tritch (Democratic) 35.3%[95]
Indiana 4,R+17,Todd Rokita,Republican,2010,Incumbent retired to run for U.S. Senator.,√ Jim Baird (Republican)[95]
,,,,,New member elected.,Tobi Beck (Democratic)[95]
,,,,,Republican hold.,
Indiana 5,R+9,Susan Brooks,Republican,2012,Incumbent re-elected.,√ Susan Brooks (Republican)[95]
,,,,,,Dee Thornton (Democratic)[95]
Indiana 6,R+18,Luke Messer,Republican,2012,Incumbent retired to run for U.S. Senator.,√ Greg Pence (Republican)[95]
,,,,,New member elected.,Jeannine Lake (Democratic)[95]
,,,,,Republican hold.,
Indiana 7,D+11,André Carson,Democratic,2008 (Special),Incumbent re-elected.,√ André Carson (Democratic) 64.9%[95]
,,,,,,"Wayne ""Gunny"" Harmon (Republican) 35.1%[95]"
Indiana 8,R+15,Larry Bucshon,Republican,2010,Incumbent re-elected.,√ Larry Bucshon (Republican) 64.4%[95]
,,,,,,William Tanoos (Democratic) 35.6%[95]
Indiana 9,R+13,Trey Hollingsworth,Republican,2016,Incumbent re-elected.,√ Trey Hollingsworth (Republican)[95]
,,,,,,Liz Watson (Democratic)[95]
Iowa 1,D+1,Rod Blum,Republican,2014,Incumbent lost re-election.,√ Abby Finkenauer (Democratic) 50.9%[96]
,,,,,New member elected.,Rod Blum (Republican) 46.0%[96]
,,,,,Democratic gain.,Henry Gaff (Green) 3.1%[97][98]
Iowa 2,D+1,Dave Loebsack,Democratic,2006,Incumbent re-elected.,√ Dave Loebsack (Democratic) 52.8%[96]
,,,,,,Christopher Peters (Republican) 42.6%[96]
,,,,,,Mike Strauss (Libertarian) 2.0%
,,,,,,Daniel Clark (Independent) 0.6%[97][98]
Iowa 3,R+1,David Young,Republican,2014,Incumbent lost re-election.,√ Cindy Axne (Democratic) 49.0%[96]
,,,,,New member elected.,David Young (Republican) 47.5%[96]
,,,,,Democratic gain.,Bryan Jack Holder (Libertarian) 2.0%[96]
,,,,,,Mark G. Elworth Jr. (Legal Medical Now) 0.5%[97][98]
,,,,,,Paul Knupp (Green) 0.5%[97][98]
,,,,,,Joe Grandanette (Independent) 0.4%
Iowa 4,R+11,Steve King,Republican,2002,Incumbent re-elected.,√ Steve King (Republican) 50.4%[96]
,,,,,,J. D. Scholten (Democratic) 47.6%[96]
,,,,,,Charles Aldrich (Libertarian) 2.0%[96]
,,,,,,Edward Peterson (Independent) 0.6%
Kansas 1,R+24,Roger Marshall,Republican,2016,Incumbent re-elected.,√ Roger Marshall (Republican) 68.4%[99]
,,,,,,Alan LaPolice (Democratic) 31.6%[99]
Kansas 2,R+10,Lynn Jenkins,Republican,2008,Incumbent retired.,√ Steve Watkins (Republican) 48.1%[99]
,,,,,New member elected.,Paul Davis (Democratic) 46.4%[99]
,,,,,Republican hold.,Kelly Standley (Libertarian) 5.5%[100]
Kansas 3,R+4,Kevin Yoder,Republican,2010,Incumbent lost re-election.,√ Sharice Davids (Democratic) 53.3%[99]
,,,,,New member elected.,Kevin Yoder (Republican) 44.2%[99]
,,,,,Democratic gain.,Chris Clemmons (Libertarian) 2.5%[100]
Kansas 4,R+15,Ron Estes,Republican,2017 (Special),Incumbent re-elected.,√ Ron Estes (Republican) 59.8%[99]
,,,,,,James Thompson (Democratic) 40.2%[99]
Kentucky 1,R+23,James Comer,Republican,2016,Incumbent re-elected.,√ James Comer (Republican) 68.6%[101]
,,,,,,Paul Walker (Democratic) 31.4%[102]
Kentucky 2,R+19,Brett Guthrie,Republican,2008,Incumbent re-elected.,√ Brett Guthrie (Republican) 66.7%[101]
,,,,,,Hank Linderman (Democratic) 31.1%[102]
,,,,,,Thomas Loecken (Independent) 2.2%
Kentucky 3,D+6,John Yarmuth,Democratic,2006,Incumbent re-elected.,√ John Yarmuth (Democratic) 62.1%[101]
,,,,,,Vickie Glisson (Republican) 36.6%[102]
,,,,,,Gregory Boles (Libertarian) 1.4%
Kentucky 4,R+18,Thomas Massie,Republican,2012,Incumbent re-elected.,√ Thomas Massie (Republican) 62.2%[101]
,,,,,,Seth Hall (Democratic) 34.6%[102]
,,,,,,David Goodwin (Independent) 3.2%[103]
Kentucky 5,R+31,Hal Rogers,Republican,1980,Incumbent re-elected.,√ Hal Rogers (Republican) 78.9%[102]
,,,,,,Kenneth Stepp (Democratic) 21.1%[102]
Kentucky 6,R+9,Andy Barr,Republican,2012,Incumbent re-elected.,√ Andy Barr (Republican) 51.0%[102]
,,,,,,Amy McGrath (Democratic) 47.8%[102]
,,,,,,Frank Harris (Libertarian) 0.7%[101]
Louisiana 1,R+24,Steve Scalise,Republican,2008 (Special),Incumbent re-elected.,√ Steve Scalise (Republican) 71.5%[104]
,,,,,,Tammy Savoie (Democratic) 16.4%[105]
,,,,,,Lee Ann Dugas (Democratic) 6.9%[106]
,,,,,,Jim Francis (Democratic) 3.2%[107]
,,,,,,Howard Kearney (Libertarian) 1.0%[108]
,,,,,,"Frederick ""Ferd"" Jones (Independent) 0.9%[106]"
Louisiana 2,D+25,Cedric Richmond,Democratic,2010,Incumbent re-elected.,√ Cedric Richmond (Democratic) 80.6%[109]
,,,,,,Jesse Schmidt (Independent) 8.7%
,,,,,,Belden Batiste (Independent) 7.3%
,,,,,,Shawndra Rodriguez (Independent) 3.4%
Louisiana 3,R+20,Clay Higgins,Republican,2016,Incumbent re-elected.,√ Clay Higgins (Republican) 55.7%[110]
,,,,,,Mimi Methvin (Democratic) 17.8%[111]
,,,,,,Josh Guillory (Republican) 12.8%[112]
,,,,,,Rob Anderson (Democratic) 5.5%[113]
,,,,,,Larry Rader (Democratic) 3.9%[114]
,,,,,,Verone Thomas (Democratic) 3.2%[115]
,,,,,,Aaron Andrus (Libertarian) 1.2%[116]
Louisiana 4,R+13,Mike Johnson,Republican,2016,Incumbent re-elected.,√ Mike Johnson (Republican) 64.2%[117]
,,,,,,Ryan Trundle (Democratic) 33.6%[118]
,,,,,,Mark David Halverson (No Party) 2.1%[119]
Louisiana 5,R+15,Ralph Abraham,Republican,2014,Incumbent re-elected.,√ Ralph Abraham (Republican) 66.5%[120]
,,,,,,Jessee Carlton Fleenor (Democratic) 30.0%[121]
,,,,,,Billy Burkette (Independent) 2.0%[121]
,,,,,,Kyle Randol (Libertarian) 1.3%[121]
Louisiana 6,R+19,Garret Graves,Republican,2014,Incumbent re-elected.,√ Garret Graves (Republican) 69.5%[122]
,,,,,,Justin DeWitt (Democratic) 20.5%[123]
,,,,,,Andie Saizan (Democratic) 8.1%[124]
,,,,,,Devin Graham (Independent) 2.0%
Maine 1,D+8,Chellie Pingree,Democratic,2008,Incumbent re-elected.,√ Chellie Pingree (Democratic) 58.8%[125]
,,,,,,Mark Holbrook (Republican) 32.4%[125]
,,,,,,Marty Grohman (Independent) 8.7%[126]
Maine 2,R+2,Bruce Poliquin,Republican,2014,Incumbent lost re-election.,"√Jared Golden (Democratic) (45.5% round 1, 50.5% round 2)[125]"
,,,,,New member elected.,"Bruce Poliquin (Republican) (46.2% round 1, 49.5% round 2)[125]"
,,,,,Democratic gain.,Tiffany Bond (Independent) (5.8% round 1)
,,,,,,Will Hoar (Independent) (2.4% round 1)
Maryland 1,R+14,Andy Harris,Republican,2010,Incumbent re-elected.,√ Andy Harris (Republican) 60.6%[127]
,,,,,,Jesse Colvin (Democratic) 37.9%[127]
,,,,,,Jenica Martin (Libertarian) 1.9%[127]
Maryland 2,D+11,Dutch Ruppersberger,Democratic,2002,Incumbent re-elected.,√ Dutch Ruppersberger (Democratic)[127]
,,,,,,Liz Matory (Republican)[127]
,,,,,,Guy Mimoun (Green)[127]
Maryland 3,D+13,John Sarbanes,Democratic,2006,Incumbent re-elected.,√ John Sarbanes (Democratic)[127]
,,,,,,Charles Anthony (Republican)[127]
,,,,,,David Lashar (Libertarian)[127]
Maryland 4,D+28,Anthony Brown,Democratic,2016,Incumbent re-elected.,√ Anthony Brown (Democratic) 77.9%[127]
,,,,,,David Bishop (Libertarian) 2.0%[127]
,,,,,,George McDermott (Republican) 20.2%[127]
Maryland 5,D+16,Steny Hoyer,Democratic,1981 (Special),Incumbent re-elected.,√ Steny Hoyer (Democratic) 70.2%[127]
,,,,,,William Devine III (Republican) 27.4%[127]
,,,,,,Pat Elder (Green) 1.3%[127]
,,,,,,Jacob Pulcher (Libertarian) 1.2%[127]
Maryland 6,D+6,John Delaney,Democratic,2012,Incumbent retired to run for U.S. President.,√ David Trone (Democratic) 57.7%[127]
,,,,,New member elected.,Ted Athey (Independent)[127]
,,,,,Democratic hold.,Amie Hoeber (Republican) 39.4%[127]
,,,,,,Kevin Caldwell (Libertarian) 1.8%[127]
,,,,,,George Gluck (Green) 1.2%[127]
Maryland 7,D+26,Elijah Cummings,Democratic,1996,Incumbent re-elected.,√ Elijah Cummings (Democratic)[127]
,,,,,,Richmond Davis (Republican)[127]
,,,,,,Swami Swaminathan (Independent)[127]
Maryland 8,D+14,Jamie Raskin,Democratic,2016,Incumbent re-elected.,√ Jamie Raskin (Democratic) 66.9%[127]
,,,,,,John Walsh (Republican) 31.6%[127]
,,,,,,Jasen Wunder (Libertarian) 1.6%[127]
Massachusetts 1,D+12,Richard Neal,Democratic,1988,Incumbent re-elected.,√ Richard Neal (Democratic) Unopposed[128]
Massachusetts 2,D+9,Jim McGovern,Democratic,1996,Incumbent re-elected.,√ Jim McGovern (Democratic) 66.6%[128]
,,,,,,Tracy Lovvorn (Republican) 33.4%[129]
,,,,,,Paul Grady (Independent)[130]
Massachusetts 3,D+9,Niki Tsongas,Democratic,2007 (Special),Incumbent retired.,√ Lori Trahan (Democratic) 62.3%[128]
,,,,,New member elected.,Rick Green (Republican) 33.0%[129]
,,,,,Democratic hold.,Michael Mullen (Independent) 4.7%
Massachusetts 4,D+9,Joe Kennedy III,Democratic,2012,Incumbent re-elected.,√ Joe Kennedy III (Democratic) Unopposed[128]
Massachusetts 5,D+18,Katherine Clark,Democratic,2013 (Special),Incumbent re-elected.,√ Katherine Clark (Democratic) 76.7% [128]
,,,,,,John Hugo (Republican) 23.3%[129]
Massachusetts 6,D+6,Seth Moulton,Democratic,2014,Incumbent re-elected.,√ Seth Moulton (Democratic) 65.2%[128]
,,,,,,Joseph Schneider (Republican) 31.4%[129]
,,,,,,Mary Jean Charbonneau (Independent) 3.4%
Massachusetts 7,D+34,Mike Capuano,Democratic,1998,Incumbent lost renomination.,√ Ayanna Pressley (Democratic) Unopposed[128]
,,,,,New member elected.,
,,,,,Democratic hold.,
Massachusetts 8,D+10,Stephen Lynch,Democratic,2001 (Special),Incumbent re-elected.,√ Stephen Lynch (Democratic) Unopposed[128]
Massachusetts 9,D+4,Bill Keating,Democratic,2010,Incumbent re-elected.,√ Bill Keating (Democratic) 59.8%[128]
,,,,,,Peter Tedeschi (Republican) 40.2%[129]
Michigan 1,R+9,Jack Bergman,Republican,2016,Incumbent re-elected.,√ Jack Bergman (Republican) 56.3%[54][131]
,,,,,,Matt Morgan (Democratic) 40.7%[132][133]
Michigan 2,R+9,Bill Huizenga,Republican,2010,Incumbent re-elected.,√ Bill Huizenga (Republican) 55.3%[54][131]
,,,,,,Rob Davidson (Democratic) 43.0%[54][131]
,,,,,,Ronald Graeser 1.7%
Michigan 3,R+6,Justin Amash,Republican,2010,Incumbent re-elected.,√ Justin Amash (Republican) 55.1%[54][131]
,,,,,,Cathy Albro (Democratic) 42.5%[54][131]
,,,,,,Douglas Smith (Independent) 2.4%[131]
Michigan 4,R+10,John Moolenaar,Republican,2014,Incumbent re-elected.,√ John Moolenaar (Republican) 62.6%[54][131]
,,,,,,Jerry Hilliard (Democratic) 37.4%[54][131]
Michigan 5,D+5,Dan Kildee,Democratic,2012,Incumbent re-elected.,√ Dan Kildee (Democratic) 59.5%[54][131]
,,,,,,Travis Wines (Republican) 35.9%[54][131]
,,,,,,Kathy Goodwin 4.6%
Michigan 6,R+4,Fred Upton,Republican,1986,Incumbent re-elected.,√ Fred Upton (Republican) 50.2%[54][131]
,,,,,,Matt Longjohn (Democratic) 45.7%[54][131]
,,,,,,Stephen Young 4.1%
Michigan 7,R+7,Tim Walberg,Republican,2010,Incumbent re-elected.,√ Tim Walberg (Republican) 53.8%[54][131]
,,,,,,Gretchen Driskell (Democratic) 46.2%[54][131]
Michigan 8,R+4,Mike Bishop,Republican,2014,Incumbent lost re-election.,√ Elissa Slotkin (Democratic) 50.6%[54][131]
,,,,,New member elected.,Mike Bishop (Republican) 46.8%[54][131]
,,,,,Democratic gain.,Brian Ellison (Libertarian) 1.8%[54][131]
Michigan 9,D+4,Sander Levin,Democratic,1982,Incumbent retired.,√ Andy Levin (Democratic) 59.6%[54][131]
,,,,,New member elected.,Candius Stearns (Republican) 36.8%[54][131]
,,,,,Democratic hold.,Andrea Kirby (Working Class) 2.2%
,,,,,,John McDermott (Green) 1.3%[131]
Michigan 10,R+13,Paul Mitchell,Republican,2016,Incumbent re-elected.,√ Paul Mitchell (Republican) 60.3%[54][131]
,,,,,,Kimberly Bizon (Democratic) 35.0%[54][131]
,,,,,,Jeremy Peruski (Independent) 3.8%[131]
,,,,,,Harley Mikkelson (Green) 1.0%[131]
Michigan 11,R+4,Dave Trott,Republican,2014,Incumbent retired.,√ Haley Stevens (Democratic) 51.8%[54][131]
,,,,,New member elected.,Lena Epstein (Republican) 45.1%[54][131]
,,,,,Democratic gain.,Leonard Schwartz (Libertarian) 1.7%[54][131]
,,,,,,Cooper Nye (Independent) 1.3%[131][134]
Michigan 12,D+14,Debbie Dingell,Democratic,2014,Incumbent re-elected.,√ Debbie Dingell (Democratic) 68.2%[54][131]
,,,,,,Jeff Jones (Republican) 28.8%[54][131]
,,,,,,Gary Walkowicz (Working Class) 2.3%
,,,,,,Niles Niemuth (Independent) 0.8%
,,,,,,Steve Young (Green)[131]
Michigan 13,D+32,Vacant,,,"Predecessor, John Conyers (D) resigned December 5, 2017.",√ Rashida Tlaib (Democratic) 84.6%[54][131]
,,,,,New member elected.,Sam Johnson (Working Class) 11.3%
,,,,,Democratic hold.,Etta Wilcoxon (Green) 4.1%
,,,,,A different Democratic candidate was elected the same day to finish the current term.,
Michigan 14,D+30,Brenda Lawrence,Democratic,2014,Incumbent re-elected.,√ Brenda Lawrence (Democratic) 80.8%[54][131]
,,,,,,Marc Herschfus (Republican) 17.4%[54][131]
,,,,,,Philip Kolody 1.4%
Minnesota 1,R+5,Tim Walz,Democratic,2006,Incumbent retired to run for Governor. ,√ Jim Hagedorn (Republican) 50.2%[135]
,,,,,New member elected.,Dan Feehan (Democratic) 49.8%[135]
,,,,,Republican gain.,
Minnesota 2,R+2,Jason Lewis,Republican,2016,Incumbent lost re-election.,√ Angie Craig (Democratic) 52.8%[135]
,,,,,New member elected.,Jason Lewis (Republican) 47.2%[135]
,,,,,Democratic gain.,
Minnesota 3,D+1,Erik Paulsen,Republican,2008,Incumbent lost re-election.,√ Dean Phillips (Democratic) 55.7%[135]
,,,,,New member elected.,Erik Paulsen (Republican) 44.3%[135]
,,,,,Democratic gain.,
Minnesota 4,D+14,Betty McCollum,Democratic,2000,Incumbent re-elected.,√ Betty McCollum (Democratic) 66.0%[135]
,,,,,,Greg Ryan (Republican) 29.8%[135]
,,,,,,Susan Pendergast Sindt (Legal Marijuana Now) 4.2%[135]
Minnesota 5,D+26,Keith Ellison,Democratic,2006,Incumbent retired to run for Minnesota Attorney General.,√ Ilhan Omar (Democratic) 78.2%[135]
,,,,,New member elected.,Jennifer Zielinski (Republican) 21.8%[135]
,,,,,Democratic hold.,
Minnesota 6,R+12,Tom Emmer,Republican,2014,Incumbent re-elected.,√ Tom Emmer (Republican) 61.2%[135]
,,,,,,Ian Todd (Democratic) 38.8%[135]
Minnesota 7,R+12,Collin Peterson,Democratic,1990,Incumbent re-elected.,√ Collin Peterson (Democratic) 52.1%[135]
,,,,,,Dave Hughes (Republican) 47.9%[135]
Minnesota 8,R+4,Rick Nolan,Democratic,2012,Incumbent retired.,√ Pete Stauber (Republican) 50.7%[135]
,,,,,New member elected.,Joe Radinovich (Democratic) 45.2%[135]
,,,,,Republican gain.,"Ray ""Skip"" Sandman (Independence) 4.1%[136]"
Mississippi 1,R+16,Trent Kelly,Republican,2015 (Special),Incumbent re-elected.,√ Trent Kelly (Republican)[137]
,,,,,,Randy Wadkins (Democratic)[137]
Mississippi 2,D+14,Bennie Thompson,Democratic,1992,Incumbent re-elected.,√ Bennie Thompson (Democratic)[137]
Mississippi 3,R+13,Gregg Harper,Republican,2008,Incumbent retired.,√ Michael Guest (Republican) 62.7%[137]
,,,,,New member elected.,Michael Evans (Democratic) 36.3%[137]
,,,,,Republican hold.,Matthew Holland (Reform) 1.0%[137]
Mississippi 4,R+21,Steven Palazzo,Republican,2010,Incumbent re-elected.,Jeramey Anderson (Democratic)[137]
,,,,,,√ Steven Palazzo (Republican)[137]
Missouri 1,D+29,Lacy Clay,Democratic,2000,Incumbent re-elected.,√ Lacy Clay (Democratic) 80.1%[138]
,,,,,,Robert Vroman (Republican) 16.7%[138]
,,,,,,Robb Cunningham (Libertarian) 3.2%[138]
Missouri 2,R+8,Ann Wagner,Republican,2012,Incumbent re-elected.,√ Ann Wagner (Republican) 51.3%[138]
,,,,,,Cort VanOstran (Democratic) 47.1%[138]
,,,,,,David Justus Arnold (Green) 1.1%[138]
,,,,,,"Larry A. ""Tony"" Kirk (Libertarian) 0.5%[138]"
Missouri 3,R+18,Blaine Luetkemeyer,Republican,2008,Incumbent re-elected.,√ Blaine Luetkemeyer (Republican) 65.1%[138]
,,,,,,Katy Geppert (Democratic) 32.8%[138]
,,,,,,Donald Stolle (Libertarian) 2.1%[138]
Missouri 4,R+17,Vicky Hartzler,Republican,2010,Incumbent re-elected.,√ Vicky Hartzler (Republican) 64.7%[138]
,,,,,,Renee Hoagenson (Democratic) 32.8%[138]
,,,,,,Mark Bliss (Libertarian) 2.4%[138]
Missouri 5,D+7,Emanuel Cleaver,Democratic,2004,Incumbent re-elected.,√ Emanuel Cleaver (Democratic) 61.6%[138]
,,,,,,Jacob Turk (Republican) 35.7%[138]
,,,,,,Maurice Copeland (Green) 1.7%[138]
,,,,,,E. C. Fredland (Constitution) 0.7%[138]
,,,,,,Alexander Howell (Libertarian) 0.3%[138]
Missouri 6,R+16,Sam Graves,Republican,2000,Incumbent re-elected.,√ Sam Graves (Republican) 65.4%[138]
,,,,,,Henry Martin (Democratic) 32.0%[138]
,,,,,,Dan Hogan (Libertarian) 2.6%[138]
Missouri 7,R+23,Billy Long,Republican,2010,Incumbent re-elected.,√ Billy Long (Republican) 66.3%[138]
,,,,,,Jamie Schoolcraft (Democratic) 30.0%[138]
,,,,,,Ben Brixey (Libertarian) 3.7%[138]
Missouri 8,R+24,Jason Smith,Republican,2013 (Special),Incumbent re-elected.,√ Jason Smith (Republican) 73.4%[138]
,,,,,,Kathy Ellis (Democratic) 25.0%[138]
,,,,,,Jonathan Shell (Libertarian) 1.6%[138]
Montana at-large,R+11,Greg Gianforte,Republican,2017 (Special),Incumbent re-elected.,√ Greg Gianforte (Republican) 50.9%[139]
,,,,,,Kathleen Williams (Democratic) 46.3%
,,,,,,Elinor Swanson (Libertarian) 2.8%[139][139]
,,,,,,Doug Campbell (Independent)[139]
Nebraska 1,R+11,Jeff Fortenberry,Republican,2004,Incumbent re-elected.,√ Jeff Fortenberry (Republican) 60.5%[140]
,,,,,,Jessica McClure (Democratic) 39.5%[140]
Nebraska 2,R+4,Don Bacon,Republican,2016,Incumbent re-elected.,√ Don Bacon (Republican) 51.3%[140]
,,,,,,Kara Eastman (Democratic) 48.8%[140]
Nebraska 3,R+27,Adrian Smith,Republican,2006,Incumbent re-elected.,√ Adrian Smith (Republican) 76.7%[140]
,,,,,,Paul Theobald (Democratic) 23.3%[140]
Nevada 1,D+15,Dina Titus,Democratic,2012,Incumbent re-elected.,√ Dina Titus (Democratic) 55.2%[141]
,,,,,,Joyce Bentley (Republican) 30.9%[142]
,,,,,,Dan Garfield (Independent American) 1.6%[142]
,,,,,,Robert Strawder (Libertarian) 1.4%[142]
Nevada 2,R+7,Mark Amodei,Republican,2011 (Special),Incumbent re-elected.,√ Mark Amodei (Republican) 51.2[143]
,,,,,,Clint Koble (Democratic) 41.8%[143]
Nevada 3,R+2,Jacky Rosen,Democratic,2016,Incumbent retired to run for U.S. Senator.,√ Susie Lee (Democratic) 51.9%[142]
,,,,,New member elected.,Danny Tarkanian (Republican) 42.8%[144]
,,,,,Democratic hold.,Steve Brown (Libertarian) 1.6%
,,,,,,David Goossen (Independent) 1.3%
,,,,,,Harry Vickers (Independent American) 1.2%
,,,,,,Gil Eisner (In) 0.7%
,,,,,,Tony Gumina (Independent) 0.5%
Nevada 4,D+3,Ruben Kihuen,Democratic,2016,Incumbent retired.,√ Steven Horsford (Democratic) 52.0%[143]
,,,,,New member elected.,Cresent Hardy (Republican) 43.7%[143]
,,,,,Democratic hold.,Warren Markowitz (Independent American) 1.4%
,,,,,,Rodney Smith (Independent) 1.2%
,,,,,,Gregg Luckner (Libertarian) 0.9%
,,,,,,Dean McGonigle (Independent) 0.9%
New Hampshire 1,R+2,Carol Shea-Porter,Democratic,2016,Incumbent retired.,√ Chris Pappas (Democratic) 53.5[145]
,,,,,New member elected.,Eddie Edwards (Republican) 45.0[145]
,,,,,Democratic hold.,Dan Belforti (Libertarian) 1.4[145]
New Hampshire 2,D+2,Ann McLane Kuster,Democratic,2012,Incumbent re-elected.,√ Ann McLane Kuster (Democratic) 55.6[145]
,,,,,,Steve Negron (Republican) 42.2[145]
,,,,,,Justin O'Donnell (Libertarian) 2.2[145]
New Jersey 1,D+13,Donald Norcross,Democratic,2014,Incumbent re-elected.,√ Donald Norcross (Democratic) 64.3%[146]
,,,,,,Paul Dilks (Republican) 33.4%[146]
,,,,,,Robert Shapiro (Independent) 1.1%
,,,,,,Paul Hamlin (Independent) 0.9%
,,,,,,Mohammad Kabir (Independent) 0.4%
New Jersey 2,R+1,Frank LoBiondo,Republican,1994,Incumbent retired.,√ Jeff Van Drew (Democratic) 52.3%[146]
,,,,,New member elected.,Seth Grossman (Republican) 45.9%[146]
,,,,,Democratic gain.,John Ordille (Independent) 0.7%
,,,,,,Steven Fenichel (Independent) 0.4%
,,,,,,Anthony Sanchez (Independent) 0.4%
,,,,,,William Benfer (Independent) 0.3%
New Jersey 3,R+2,Tom MacArthur,Republican,2014,Incumbent lost re-election.,√ Andy Kim (Democratic) 49.9%[146]
,,,,,New member elected.,Tom MacArthur (Republican) 48.8%[146]
,,,,,Democratic gain.,Lawrence Berlinski (Independent) 1.3%
New Jersey 4,R+8,Chris Smith,Republican,1980,Incumbent re-elected.,√ Chris Smith (Republican) 55.5%[146]
,,,,,,Josh Welle (Democratic) 43.0%[146]
,,,,,,Michael Rufo (Independent) 0.5%
,,,,,,Edward Stackhouse (Independent) 0.4%[147]
,,,,,,Brian Reynolds (Independent) 0.3%
,,,,,,Felicia Stoler (Independent) 0.3%
,,,,,,Allen Yusufov (Independent) 0.1%
New Jersey 5,R+3,Josh Gottheimer,Democratic,2016,Incumbent re-elected.,√ Josh Gottheimer (Democratic) 55.2%[146]
,,,,,,John McCann (Republican) 43.5%[146]
,,,,,,James Tosone (Independent) 0.7%
,,,,,,Wendy Goetz (Independent) 0.6%
New Jersey 6,D+9,Frank Pallone,Democratic,1988,Incumbent re-elected.,√ Frank Pallone (Democratic) 63.3%[146]
,,,,,,Rich Pezzullo (Republican) 36.7%[146]
New Jersey 7,R+3,Leonard Lance,Republican,2008,Incumbent lost re-election.,√ Tom Malinowski (Democratic) 51.5%[146]
,,,,,New member elected.,Leonard Lance (Republican) 47.0%[146]
,,,,,Democratic gain.,Diane Moxley (Independent) 0.8%
,,,,,,Gregg Mele (Independent) 0.7%
New Jersey 8,D+27,Albio Sires,Democratic,2006,Incumbent re-elected.,John Muniz (Republican)[146]
,,,,,,√ Albio Sires (Democratic)[146]
New Jersey 9,D+16,Bill Pascrell,Democratic,1996,Incumbent re-elected.,√ Bill Pascrell (Democratic) 70.0%[146]
,,,,,,Eric Fisher (Republican) 29.2%[146]
,,,,,,Claudio Belusik (Independent) 0.8%
New Jersey 10,D+36,Donald Payne,Democratic,2012,Incumbent re-elected.,√ Donald Payne (Democratic) 87.4%[146]
,,,,,,Agha Khan (Republican) 10.3%[146]
,,,,,,Cynthia Johnson (Independent) 1.0%
,,,,,,Joanne Miller (Independent) 1.0%
,,,,,,Scott Dirona (Independent) 0.3%
New Jersey 11,R+3,Rodney Frelinghuysen,Republican,1994,Incumbent retired.,√ Mikie Sherrill (Democratic) 56.2%[146]
,,,,,New member elected.,Jay Webber (Republican) 42.7%[146]
,,,,,Democratic gain.,Robert Crook (Independent) 0.7%
,,,,,,Ryan Martinez (Independent) 0.4%
New Jersey 12,D+16,Bonnie Watson Coleman,Democratic,2014,Incumbent re-elected.,√ Bonnie Watson Coleman (Democratic) 68.5%[146]
,,,,,,Daryl Kipnis (Republican) 31.5%[146]
New Mexico 1,D+7,Michelle Luján Grisham,Democratic,2012,Incumbent retired to run for Governor.,√ Deb Haaland (Democratic) 59.0%[148]
,,,,,New member elected.,Janice Arnold-Jones (Republican) 36.4%[148]
,,,,,Democratic hold.,Lloyd Princeton (Libertarian) 4.6%[148]
New Mexico 2,R+6,Steve Pearce,Republican,2010,Incumbent retired to run for Governor.,√ Xochitl Torres Small (Democratic) 50.9%[148]
,,,,,New member elected.,Yvette Herrell (Republican) 49.1%[148]
,,,,,Democratic gain.,
New Mexico 3,D+8,Ben Ray Luján,Democratic,2008,Incumbent re-elected.,√ Ben Ray Luján (Democratic) 63.3%[148]
,,,,,,Jerald McFall (Republican) 31.3%[148]
,,,,,,Christopher Manning (Libertarian) 5.4%[148]
New York 1,R+5,Lee Zeldin,Republican,2014,Incumbent re-elected.,√ Lee Zeldin (Republican) 52.5%[149]
,,,,,,Perry Gershon (Democratic) 46.4%[150]
,,,,,,Kate Browning 1.1%
New York 2,R+3,Peter King,Republican,1992,Incumbent re-elected.,√ Peter King (Republican)53.3%[151]
,,,,,,Liuba Grechen Shirley (Democratic) 46.7%[150]
New York 3,D+1,Tom Suozzi,Democratic,2016,Incumbent re-elected.,√ Tom Suozzi (Democratic) 58.4%[151]
,,,,,,Dan DeBono (Republican) 41.6%[151]
New York 4,D+4,Kathleen Rice,Democratic,2014,Incumbent re-elected.,√ Kathleen Rice (Democratic) 61.0%[149]
,,,,,,Ameer Benno (Republican) 39.0%[149]
New York 5,D+37,Gregory Meeks,Democratic,1998,Incumbent re-elected.,√ Gregory Meeks (Democratic) Unopposed[150]
New York 6,D+16,Grace Meng,Democratic,2012,Incumbent re-elected.,√ Grace Meng (Democratic)[152]
,,,,,,Tom Hillgardner (Green)[152]
New York 7,D+38,Nydia Velázquez,Democratic,1992,Incumbent re-elected.,√ Nydia Velázquez (Democratic) 93.4%[152]
,,,,,,Joseph Lieberman (Conservative) 5.5%[152]
,,,,,,Jeff Kurzon (Reform) 1.1%[152]
New York 8,D+36,Hakeem Jeffries,Democratic,2012,Incumbent re-elected.,√ Hakeem Jeffries (Democratic)[152]
,,,,,,Ernest Johnson (Conservative)[152]
,,,,,,Jessica White (Reform)[152]
New York 9,D+34,Yvette Clarke,Democratic,2006,Incumbent re-elected.,√ Yvette Clarke (Democratic) 89.3%[150]
,,,,,,Lutchi Gayot (Republican) 10.3%[152]
,,,,,,Joel Anabilah-Azumah (Reform) 0.4%[152]
New York 10,D+26,Jerry Nadler,Democratic,1992,Incumbent re-elected.,√ Jerry Nadler (Democratic)[152]
,,,,,,Naomi Levin (Republican)[152]
New York 11,R+3,Dan Donovan,Republican,2015 (Special),Incumbent lost re-election.,√ Max Rose (Democratic) 52.8%[150]
,,,,,New member elected.,Dan Donovan (Republican) 46.8%[150]
,,,,,Democratic gain.,Henry Bardel (Green) 0.4%[152]
New York 12,D+31,Carolyn Maloney,Democratic,1992,Incumbent re-elected.,√ Carolyn Maloney (Democratic)[150]
,,,,,,Scott Hutchins (Green)[152]
,,,,,,Eliot Rabin (Republican)[152]
New York 13,D+43,Adriano Espaillat,Democratic,2016,Incumbent re-elected.,√ Adriano Espaillat (Democratic) 94.6%[152]
,,,,,,Jineea Butler (Republican) 5.4%[152]
New York 14,D+29,Joe Crowley,Democratic,1998,Incumbent lost renomination but remained on ballot.,√ Alexandria Ocasio-Cortez (Democratic)[150]
,,,,,New member elected.,James Dillon (Reform)[152]
,,,,,Democratic hold.,Anthony Pappas (Republican)[152]
,,,,,,Elizabeth Perri (Conservative)[152]
,,,,,,Joe Crowley (Working Families)[152]
New York 15,D+44,José Serrano,Democratic,1990,Incumbent re-elected.,√ José Serrano (Democratic)[152]
,,,,,,Jason Gonzalez (Republican)[152]
New York 16,D+24,Eliot Engel,Democratic,1988,Incumbent re-elected.,√ Eliot Engel (Democratic) Unopposed[150]
New York 17,D+7,Nita Lowey,Democratic,1988,Incumbent re-elected.,√ Nita Lowey (Democratic) 87.9%[151]
,,,,,,Joe Ciardullo (Reform) 12.1%[151]
New York 18,R+1,Sean Patrick Maloney,Democratic,2012,Incumbent re-elected.,√ Sean Patrick Maloney (Democratic) 55.1%[151]
,,,,,,James O'Donnell (Republican) 44.9%[151]
New York 19,R+2,John Faso,Republican,2016,Incumbent lost re-election.,√ Antonio Delgado (Democratic) 50.2%[150]
,,,,,New member elected.,John Faso (Republican) 47.3%[151]
,,,,,Democratic gain.,Steven Greenfield (Green) 1.5%[151]
,,,,,,Diane Neal (Independent) 1.0%
New York 20,D+7,Paul Tonko,Democratic,2008,Incumbent re-elected.,√ Paul Tonko (Democratic) 66.1%[151]
,,,,,,Francis Vitollo (Republican) 33.9%[151]
New York 21,R+4,Elise Stefanik,Republican,2014,Incumbent re-elected.,√ Elise Stefanik (Republican) 56.7%[151]
,,,,,,Tedra Cobb (Democratic) 41.8%[150]
,,,,,,Lynn Kahn (Green) 1.5%[151]
New York 22,R+6,Claudia Tenney,Republican,2016,Incumbent lost re-election.,√ Anthony Brindisi (Democratic) 50.7%[151][153]
,,,,,New member elected.,Claudia Tenney (Republican) 49.3%[151]
,,,,,Democratic gain.,
New York 23,R+6,Tom Reed,Republican,2010,Incumbent re-elected.,√ Tom Reed (Republican) 55.0%[151]
,,,,,,Tracy Mitrano (Democratic) 45.0%[150]
,,,,,,J.G. Hertzler (Independent)[154]
New York 24,D+3,John Katko,Republican,2014,Incumbent re-elected.,√ John Katko (Republican) 53.1%[151]
,,,,,,Dana Balter (Democratic) 46.9%[150]
,,,,,,Bill Bass (Independent)[155]
New York 25,D+8,Louise Slaughter,Democratic,1986,"Incumbent died March 16, 2018.",√ Joe Morelle (Democratic) 58.6%[150]
,,,,,New member elected.,Jim Maxwell (Republican) 41.4%[156]
,,,,,Democratic hold.,
New York 26,D+11,Brian Higgins,Democratic,2004,Incumbent re-elected.,√ Brian Higgins (Democratic) 73.6%[151]
,,,,,,Renee Zeno (Republican) 26.4%[151]
New York 27,R+11,Chris Collins,Republican,2012,Incumbent re-elected.,√ Chris Collins (Republican) 49.4%[157]
,,,,,,Nate McMurray (Democratic) 48.5%[157]
,,,,,,Larry Piegza (Reform) 2.1%[157]
North Carolina 1,D+17,G. K. Butterfield,Democratic,2004 (Special),Incumbent re-elected.,√ G. K. Butterfield (Democratic) 69.8%[158]
,,,,,,Roger Allison (Republican) 30.2%[158]
North Carolina 2,R+7,George Holding,Republican,2012,Incumbent re-elected.,√ George Holding (Republican) 51.4%[158]
,,,,,,Linda Coleman (Democratic) 45.7%[158]
,,,,,,Jeff Matemu (Libertarian) 2.9%[158]
North Carolina 3,R+12,Walter Jones,Republican,1994,Incumbent re-elected.,√ Walter Jones (Republican) Unopposed[158]
North Carolina 4,D+17,David Price,Democratic,1996,Incumbent re-elected.,√ David Price (Democratic) 72.3%[158]
,,,,,,Steve Von Loor (Republican) 24.1%[158]
,,,,,,Barbara Howe (Libertarian) 3.6%[158]
North Carolina 5,R+10,Virginia Foxx,Republican,2004,Incumbent re-elected.,√ Virginia Foxx (Republican) 57.0%[158]
,,,,,,DD Adams (Democratic) 43.0%[158]
North Carolina 6,R+9,Mark Walker,Republican,2014,Incumbent re-elected.,√ Mark Walker (Republican) 56.5%[158]
,,,,,,Ryan Watts (Democratic) 43.5%[158]
North Carolina 7,R+9,David Rouzer,Republican,2014,Incumbent re-elected.,√ David Rouzer (Republican) 55.6%[158]
,,,,,,Kyle Horton (Democratic) 42.7%[158]
,,,,,,David Fallin (Constitution) 1.6%
North Carolina 8,R+8,Richard Hudson,Republican,2012,Incumbent re-elected.,√ Richard Hudson (Republican) 55.3%[158]
,,,,,,Frank McNeill (Democratic) 44.7%[158]
North Carolina 9,R+8,Robert Pittenger,Republican,2012,Incumbent lost renomination. Results pending certification.,Mark Harris (Republican) 49.3%[158]
,,,,,,Dan McCready (Democratic) 48.9%[158]
,,,,,,Jeff Scott (Libertarian) 1.8%[158]
North Carolina 10,R+12,Patrick McHenry,Republican,2004,Incumbent re-elected.,√ Patrick McHenry (Republican) 59.3%[158]
,,,,,,David Brown (Democratic) 40.7%[158]
North Carolina 11,R+14,Mark Meadows,Republican,2012,Incumbent re-elected.,√ Mark Meadows (Republican) 59.2%[158]
,,,,,,Phillip Price (Democratic) 38.7%[158]
,,,,,,Clifton Ingram (Libertarian) 2.0%[158]
North Carolina 12,D+18,Alma Adams,Democratic,2014,Incumbent re-elected.,√ Alma Adams (Democratic) 73.1%[158]
,,,,,,Paul Wright (Republican) 26.9%[158]
North Carolina 13,R+6,Ted Budd,Republican,2016,Incumbent re-elected.,√ Ted Budd (Republican) 51.6%[158]
,,,,,,Kathy Manning (Democratic) 45.5%[158]
,,,,,,Tom Bailey (Libertarian) 1.9%[158]
North Dakota at-large,R+16,Kevin Cramer,Republican,2012,Incumbent retired to run for U.S. Senator.,√ Kelly Armstrong (Republican) 60.3%[159]
,,,,,New member elected.,Mac Schneider (Democratic) 35.6%[159]
,,,,,Republican hold.,Charles Tuttle (Independent) 4.1%
Ohio 1,R+5,Steve Chabot,Republican,2010,Incumbent re-elected.,√ Steve Chabot (Republican) 51.8%[160]
,,,,,,Aftab Pureval (Democratic) 46.4%[161]
,,,,,,Dirk Kubala (Libertarian) 1.8%
Ohio 2,R+9,Brad Wenstrup,Republican,2012,Incumbent re-elected.,√ Brad Wenstrup (Republican) 57.8%[162]
,,,,,,Jill Schiller (Democratic) 41.0%[163]
,,,,,,Steve Myers (Independent) 1.2%[164]
Ohio 3,D+19,Joyce Beatty,Democratic,2012,Incumbent re-elected.,√ Joyce Beatty (Democratic) 73.3%[160]
,,,,,,James Burgess (Republican) 26.7%[160]
Ohio 4,R+14,Jim Jordan,Republican,2006,Incumbent re-elected.,√ Jim Jordan (Republican) 65.4%[165]
,,,,,,Janet Garrett (Democratic) 34.6%[166]
Ohio 5,R+11,Bob Latta,Republican,2006,Incumbent re-elected.,√ Bob Latta (Republican) 62.5%[167]
,,,,,,Michael Galbraith (Democratic) 35.0%[168]
,,,,,,Don Kissick (Libertarian) 2.6%
Ohio 6,R+16,Bill Johnson,Republican,2010,Incumbent re-elected.,√ Bill Johnson (Republican) 69.3%[citation needed]
,,,,,,Shawna Roberts (Democratic) 30.7%[169]
Ohio 7,R+12,Bob Gibbs,Republican,2010,Incumbent re-elected.,√ Bob Gibbs (Republican) 58.9%[165]
,,,,,,Ken Harbaugh (Democratic) 41.1%[170]
Ohio 8,R+17,Warren Davidson,Republican,2016 (Special),Incumbent re-elected.,√ Warren Davidson (Republican) 66.8%[160]
,,,,,,Vanessa Enoch (Democratic) 33.2%[160]
Ohio 9,D+14,Marcy Kaptur,Democratic,1982,Incumbent re-elected.,√ Marcy Kaptur (Democratic) 67.6%[165]
,,,,,,Steve Kraus (Republican) 32.4%[165]
Ohio 10,R+4,Mike Turner,Republican,2002,Incumbent re-elected.,√ Mike Turner (Republican) 56.2%[160]
,,,,,,Theresa Gasper (Democratic) 42.9%[171]
,,,,,,David Harlow (Libertarian) 1.9%
Ohio 11,D+32,Marcia Fudge,Democratic,2006,Incumbent re-elected.,√ Marcia Fudge (Democratic) 81.9%[165]
,,,,,,Beverly Goldstein (Republican) 18.1%[165]
Ohio 12,R+7,Troy Balderson,Republican,2018 (Special),Incumbent re-elected.,√ Troy Balderson (Republican) 51.6%[160]
,,,,,,Danny O'Connor (Democratic) 47.4%[160]
,,,,,,Joseph Manchik (Green) 1.4%[160]
Ohio 13,D+7,Tim Ryan,Democratic,2002,Incumbent re-elected.,√ Tim Ryan (Democratic) 60.8%[172]
,,,,,,Chris DePizzo (Republican) 39.2%[173]
Ohio 14,R+5,David Joyce,Republican,2012,Incumbent re-elected.,√ David Joyce (Republican) 55.4%[165]
,,,,,,Betsy Rader (Democratic) 44.6%[174]
Ohio 15,R+7,Steve Stivers,Republican,2010,Incumbent re-elected.,√ Steve Stivers (Republican) 58.5%[160]
,,,,,,Rick Neal (Democratic) 39.5%[175]
,,,,,,Johnathan Miller (Independent) 1.9%[i][177]
Ohio 16,R+8,Jim Renacci,Republican,2010,Incumbent retired to run for U.S. Senator.,√ Anthony Gonzalez (Republican) 56.8%[178]
,,,,,New member elected.,Susan Moran Palmer (Democratic) 43.2%[165]
,,,,,Republican hold.,
Oklahoma 1,R+17,Vacant,,,Rep. Jim Bridenstine (R) resigned after the filing deadline.,√ Kevin Hern (Republican) 59.3%[179]
,,,,,New member elected.,Tim Gilpin (Democratic) 40.7%[179]
,,,,,Republican hold.,
Oklahoma 2,R+24,Markwayne Mullin,Republican,2012,Incumbent re-elected.,√ Markwayne Mullin (Republican) 65.0%[179]
,,,,,,Jason Nichols (Democratic) 30.1%[179]
,,,,,,John Foreman (Independent) 3.0%[179]
,,,,,,Richard Castaldo (Libertarian) 1.9%[179]
Oklahoma 3,R+27,Frank Lucas,Republican,1994,Incumbent re-elected.,√ Frank Lucas (Republican) 76.9%[179]
,,,,,,Frankie Robbins (Democratic) 23.1%[179]
Oklahoma 4,R+20,Tom Cole,Republican,2002,Incumbent re-elected.,√ Tom Cole (Republican) 63.1%[179]
,,,,,,Mary Brannon (Democratic) 33.0%[179]
,,,,,,Ruby Peters (Independent) 3.9%[179]
Oklahoma 5,R+10,Steve Russell,Republican,2014,Incumbent lost re-election.,√ Kendra Horn (Democratic) 50.7%[179]
,,,,,New member elected.,Steve Russell (Republican) 49.3%[179]
,,,,,Democratic gain.,
Oregon 1,D+9,Suzanne Bonamici,Democratic,2012 (Special),Incumbent re-elected.,√ Suzanne Bonamici (Democratic) 63.8%[180]
,,,,,,John Verbeek (Republican) 32.1%[180]
,,,,,,Drew Layda 4.0%
Oregon 2,R+11,Greg Walden,Republican,1998,Incumbent re-elected.,√ Greg Walden (Republican) 56.7%[180]
,,,,,,Jamie McLeod-Skinner (Democratic) 39.1%[180]
,,,,,,Mark Roberts (Independent) 4.2%
Oregon 3,D+24,Earl Blumenauer,Democratic,1996,Incumbent re-elected.,√ Earl Blumenauer (Democratic) 72.8%[180]
,,,,,,Ton Harrison (Republican) 19.9%
,,,,,,Marc Koller (Independent) 5.5%[181]
,,,,,,Gary Dye (Libertarian) 1.5%
,,,,,,Michael Marsh (Constitution) 0.4%
Oregon 4,EVEN,Peter DeFazio,Democratic,1986,Incumbent re-elected.,√ Peter DeFazio (Democratic) 56.0%[180]
,,,,,,Art Robinson (Republican) 41.0%[180]
,,,,,,Mike Beilstein (Pacific Green) 1.6%
,,,,,,Richard Johnson (Libertarian) 1.4%
Oregon 5,EVEN,Kurt Schrader,Democratic,2008,Incumbent re-elected.,√ Kurt Schrader (Democratic) 55.1%[180]
,,,,,,Mark Callahan (Republican) 42.0%[180]
,,,,,,Dan Souza (Libertarian) 1.6%
,,,,,,Marvin Sandnes (Pacific Green) 1.3%
Pennsylvania 1,R+1,Brian Fitzpatrick,Republican,2016,Incumbent re-elected.,√ Brian Fitzpatrick (Republican) 51.3%[57]
,,Redistricted from the 8th district,,,,Scott Wallace (Democratic) 48.7%[57]
Pennsylvania 2,D+25,Brendan Boyle,Democratic,2014,Incumbent re-elected.,√ Brendan Boyle (Democratic)[57]
,,Redistricted from the 13th district,,,,David Torres (Republican)[57]
Pennsylvania 3,D+41,Dwight Evans,Democratic,2016,Incumbent re-elected.,√ Dwight Evans (Democratic)[57]
,,Redistricted from the 2nd district,,,,Bryan Leib (Republican)[57]
,,Bob Brady,Democratic,1998 (Special),Incumbent retired.,
,,Redistricted from the 1st district,,,Democratic hold.,
Pennsylvania 4,D+7,Open seat,,,Incumbent ran in the 10th district.,√ Madeleine Dean (Democratic) 63.4%[57]
,,,,,New member elected.,Dan David (Republican) 36.6%[57]
,,,,,Democratic gain.,
Pennsylvania 5,D+13,Vacant,,,"Rep. Pat Meehan (R) resigned April 27, 2018 after being redistricted from the 7th district.",√ Mary Gay Scanlon (Democratic) 65.1%[57]
,,,,,New member elected.,Pearl Kim (Republican) 34.9%[57]
,,,,,Democratic gain.,
Pennsylvania 6,D+2,Ryan Costello,Republican,2014,Incumbent retired.,√ Chrissy Houlahan (Democratic) 58.8%[57]
,,,,,New member elected.,Greg McCauley (Republican) 41.2%[57]
,,,,,Democratic gain.,
Pennsylvania 7,D+1,Vacant,,,"Rep. Charlie Dent (R) resigned May 12, 2018 after being redistricted from the 15th district.",√ Susan Wild (Democratic) 53.4%[57]
,,,,,New member elected.,Marty Nothstein (Republican) 43.5%[57]
,,,,,Democratic gain.,Tom Silfies (Libertarian) 3.1%
Pennsylvania 8,R+1,Matt Cartwright,Democratic,2012,Incumbent re-elected.,√ Matt Cartwright (Democratic)[57]
,,Redistricted from the 17th district,,,,John Chrin (Republican)[57]
Pennsylvania 9,R+14,Lou Barletta,Republican,2010,Incumbent retired to run for U.S. Senator.,√ Dan Meuser (Republican) 59.9%[57]
,,Redistricted from the 11th district,,,New member elected.,Denny Wolff (Democratic) 40.1%[57]
,,,,,Republican hold.,
Pennsylvania 10,R+6,Scott Perry,Republican,2012,Incumbent re-elected.,√ Scott Perry (Republican) 51.3%[57]
,,Redistricted from the 4th district,,,,George Scott (Democratic) 48.7%[57]
Pennsylvania 11,R+14,Lloyd Smucker,Republican,2016,Incumbent re-elected.,√ Lloyd Smucker (Republican) 58.6%[57]
,,Redistricted from the 16th district,,,,Drew Anderson (Independent)[182]
,,,,,,Jess King (Democratic) 41.4%[57]
Pennsylvania 12,R+17,Tom Marino,Republican,2010,Incumbent re-elected.,√ Tom Marino (Republican)[57]
,,Redistricted from the 10th district,,,,Marc Friedenberg (Democratic)[57]
,,,,,,Jerry Kairnes (Independent)[183]
Pennsylvania 13,R+22,Bill Shuster,Republican,2002,Incumbent retired.,√ John Joyce (Republican) 70.4%[57]
,,Redistricted from the 9th district,,,New member elected.,Brent Ottaway (Democratic) 29.6%[57]
,,,,,Republican hold.,
Pennsylvania 14,R+14,Open seat,,,Incumbent ran in the 17th district.,√ Guy Reschenthaler (Republican) 58.0%[57]
,,,,,New member elected.,Bibiana Boerio (Democratic) 42.0%[57]
,,,,,Republican gain.,
Pennsylvania 15,R+20,Glenn Thompson,Republican,2008,Incumbent re-elected.,√ Glenn Thompson (Republican) 67.9%[57]
,,Redistricted from the 5th district,,,,Susan Boser (Democratic) 32.1%[57]
Pennsylvania 16,R+8,Mike Kelly,Republican,2010,Incumbent re-elected.,√ Mike Kelly (Republican) 51.5%[57]
,,Redistricted from the 3rd district,,,,Ron DiNicola (Democratic) 47.4%[57]
,,,,,,Bill Beeman (Libertarian) 1.1%
Pennsylvania 17,R+3,Conor Lamb,Democratic,2018 (Special),Incumbent re-elected.,√ Conor Lamb (Democratic) 56.2%[57]
,,Redistricted from the 18th district,,,,Keith Rothfus (Republican) 43.8%[57]
,,Keith Rothfus,Republican,2012,Incumbent lost re-election.,
,,Redistricted from the 12th district,,,Republican loss.,
Pennsylvania 18,D+13,Mike Doyle,Democratic,1994,Incumbent re-elected.,√ Mike Doyle (Democratic) Unopposed[57]
,,Redistricted from the 14th district,,,,
Rhode Island 1,D+16,David Cicilline,Democratic,2010,Incumbent re-elected.,√ David Cicilline (Democratic) 66.8%[184]
,,,,,,Patrick Donovan (Republican) 33.2%[184]
,,,,,,Daniel Joseph Guilmette (Independent)[184]
Rhode Island 2,D+6,James Langevin,Democratic,2000,Incumbent re-elected.,√ James Langevin (Democratic) 63.6%[184]
,,,,,,Sal Caiozzo (Republican) 36.4%[184]
South Carolina 1,R+10,Mark Sanford,Republican,2013 (Special),Incumbent lost renomination.,√ Joe Cunningham (Democratic) 50.7%[185]
,,,,,New member elected.,Katie Arrington (Republican) 49.3%[185]
,,,,,Democratic gain.,
South Carolina 2,R+12,Joe Wilson,Republican,2001,Incumbent re-elected.,√ Joe Wilson (Republican) 56.3%[185]
,,,,,,Sean Carrigan (Democratic) 42.5%[185]
,,,,,,Sonny Narang (American) 1.2%[185]
South Carolina 3,R+19,Jeff Duncan,Republican,2010,Incumbent re-elected.,√ Jeff Duncan (Republican) 67.8%[185]
,,,,,,Mary Geren (Democratic) 31.0%[185]
,,,,,,Dave Moore (American) 1.2%[185]
South Carolina 4,R+15,Trey Gowdy,Republican,2010,Incumbent retired.,√ William Timmons (Republican) 59.7%[185]
,,,,,New member elected.,Brandon Brown (Democratic) 36.6%[185]
,,,,,Republican hold.,Guy Furay (American) 3.8%[185]
South Carolina 5,R+9,Ralph Norman,Republican,2017 (Special),Incumbent re-elected.,√ Ralph Norman (Republican) 57.1%[185]
,,,,,,Archie Parnell (Democratic) 41.5%[185]
,,,,,,Michael Chandler (Constitution) 1.4%
South Carolina 6,D+19,Jim Clyburn,Democratic,1992,Incumbent re-elected.,√ Jim Clyburn (Democratic) 70.5%[185]
,,,,,,Gerhard Gressmann (Republican) 27.9%[185]
,,,,,,Bryan Pugh (Green) 1.6%[185]
South Carolina 7,R+9,Tom Rice,Republican,2012,Incumbent re-elected.,√ Tom Rice (Republican) 59.6%[185]
,,,,,,Robert Williams (Democratic) 40.4%[185]
,,,,,,Dick Withington (Libertarian)[185]
South Dakota at-large,R+14,Kristi Noem,Republican,2010,Incumbent retired to run for Governor.,√ Dusty Johnson (Republican) 60.3%[186]
,,,,,New member elected.,Tim Bjorkman (Democratic) 36.0%[186]
,,,,,Republican hold.,Ron Wieczorek (Independent) 2.2%
,,,,,,George Hendrickson (Libertarian) 1.5%[187]
Tennessee 1,R+28,Phil Roe,Republican,2008,Incumbent re-elected.,√ Phil Roe (Republican) 77.1%[188]
,,,,,,Marty Olsen (Democratic) 21.0%[188]
,,,,,,Michael Salyer (Independent) 1.9%[188]
Tennessee 2,R+20,Jimmy Duncan,Republican,1988 (Special),Incumbent retired.,√ Tim Burchett (Republican) 65.8%[188]
,,,,,New member elected.,Renee Hoyos (Democratic) 33.2%[188]
,,,,,Republican hold.,Greg Samples (Independent) 0.4%[i][189][188]
,,,,,,Allen Smith (Independent)[188]
,,,,,,Marc Whitmire (Independent)[188]
,,,,,,Jeffrey Grunau (Independent)[188]
Tennessee 3,R+18,Chuck Fleischmann,Republican,2010,Incumbent re-elected.,√ Chuck Fleischmann (Republican) 63.7%[188]
,,,,,,Danielle Mitchell (Democratic) 34.5%[188]
,,,,,,Rick Tyler (Independent) 1.8%[188]
Tennessee 4,R+20,Scott DesJarlais,Republican,2010,Incumbent re-elected.,√ Scott DesJarlais (Republican) 63.4%[188]
,,,,,,Mariah Phillips (Democratic) 34.6%[188]
,,,,,,Michael Shupe (Independent) 3.0%[188]
Tennessee 5,D+7,Jim Cooper,Democratic,2002,Incumbent re-elected.,√ Jim Cooper (Democratic) 67.8%[188]
,,,,,,Jody Ball (Republican) 32.2%[188]
Tennessee 6,R+24,Diane Black,Republican,2010,Incumbent retired to run for Governor.,√ John Rose (Republican) 69.5%[188]
,,,,,New member elected.,Dawn Barlow (Democratic) 28.3%[188]
,,,,,Republican hold.,David Ross (Independent) 1.4%[i][190][188]
,,,,,,Lloyd Dunn (Independent) 0.9%[188]
Tennessee 7,R+20,Marsha Blackburn,Republican,2002,Incumbent retired to run for U.S. Senator.,√ Mark Green (Republican) 66.8%[188]
,,,,,New member elected.,Justin Kanew (Democratic) 32.1%[188]
,,,,,Republican hold.,Lenny Ladner (Independent) 0.6%[188]
,,,,,,Brent Legendre (Independent) 0.4%[188]
Tennessee 8,R+19,David Kustoff,Republican,2016,Incumbent re-elected.,√ David Kustoff (Republican) 67.6%[188]
,,,,,,Erika Stotts Pearson (Democratic) 30.1%[188]
,,,,,,James Hart (Independent) 2.2%[188]
,,,,,,John Boatner (Democratic)[188]
Tennessee 9,D+28,Steve Cohen,Democratic,2006,Incumbent re-elected.,√ Steve Cohen (Democratic) 79.9%[188]
,,,,,,Charlotte Bergmann (Republican) 19.3%[188]
,,,,,,Leo AwGoWhat (Independent) 0.8%[188]
Texas 1,R+25,Louie Gohmert,Republican,2004,Incumbent re-elected.,√ Louie Gohmert (Republican) 72.3%[191]
,,,,,,Shirley McKellar (Democratic) 26.3%[191]
,,,,,,Jeff Callaway (Libertarian) 1.4%[192]
Texas 2,R+11,Ted Poe,Republican,2004,Incumbent retired.,√ Dan Crenshaw (Republican) 52.9[191]
,,,,,New member elected.,Todd Litton (Democratic) 45.5[191]
,,,,,Republican hold.,Patrick Gunnels (Libertarian) 0.9%[192]
,,,,,,Scott Cubbler (Independent) 0.7%[193]
Texas 3,R+13,Sam Johnson,Republican,1991,Incumbent retired.,√ Van Taylor (Republican) 54.3%[191]
,,,,,New member elected.,Lorie Burch (Democratic) 44.2%[191]
,,,,,Republican hold.,Christopher Claytor (Libertarian) 1.5%[192]
Texas 4,R+28,John Ratcliffe,Republican,2014,Incumbent re-elected.,√ John Ratcliffe (Republican) 75.7%
,,,,,,Catherine Krantz (Democratic) 23.0%[191]
,,,,,,[191]Ken Ashby (Libertarian) 1.3%[192]
Texas 5,R+16,Jeb Hensarling,Republican,2002,Incumbent retired.,√ Lance Gooden (Republican) 62.4%[191]
,,,,,New member elected.,Dan Wood (Democratic) 37.6%[191]
,,,,,Republican hold.,
Texas 6,R+9,Joe Barton,Republican,1984,Incumbent retired.,√ Ron Wright (Republican) 53.1%[191]
,,,,,New member elected.,Jana Lynne Sanchez (Democratic) 45.4%[191]
,,,,,Republican hold.,Jason Allen Harber (Libertarian) 1.5%[192]
Texas 7,R+7,John Culberson,Republican,2000,Incumbent lost re-election.,√ Lizzie Fletcher (Democratic) 52.5%[191]
,,,,,New member elected.,John Culberson (Republican) 47.5%[191]
,,,,,Democratic gain.,
Texas 8,R+28,Kevin Brady,Republican,1996,Incumbent re-elected.,√ Kevin Brady (Republican) 73.5%[191]
,,,,,,Steven David (Democratic) 24.8%[191]
,,,,,,Chris Duncan (Libertarian) 1.7%[192]
Texas 9,D+29,Al Green,Democratic,2004,Incumbent re-elected.,√ Al Green (Democratic) 89.1%[191]
,,,,,,Phil Kurtz (Libertarian) 3.9%[192]
,,,,,,Benjamin Hernandez (Independent) 3.8%[193]
,,,,,,Kesha Rogers (Independent) 3.3%[193]
Texas 10,R+9,Michael McCaul,Republican,2004,Incumbent re-elected.,√ Michael McCaul (Republican) 50.9%[191]
,,,,,,Mike Siegel (Democratic) 46.9%[191]
,,,,,,Mike Ryan (Libertarian) 2.2%[192]
Texas 11,R+32,Mike Conaway,Republican,2004,Incumbent re-elected.,√ Mike Conaway (Republican) 80.2%[191]
,,,,,,Jennie Lou Leeder (Democratic) 18.4%[191]
,,,,,,Rhett Rosenquest Smith (Libertarian) 1.4%[192]
Texas 12,R+18,Kay Granger,Republican,1996,Incumbent re-elected.,√ Kay Granger (Republican) 64.3%[191]
,,,,,,Vanessa Adia (Democratic) 33.9%[191]
,,,,,,Jacob Leddy (Libertarian) 1.8%[192]
Texas 13,R+33,Mac Thornberry,Republican,1994,Incumbent re-elected.,√ Mac Thornberry (Republican) 81.6%[191]
,,,,,,Greg Sagan (Democratic) 16.9%[191]
,,,,,,Calvin DeWeese (Libertarian) 1.5%[192]
Texas 14,R+12,Randy Weber,Republican,2012,Incumbent re-elected.,√ Randy Weber (Republican) 59.3%[191]
,,,,,,Adrienne Bell (Democratic) 39.2%[191]
,,,,,,Don Conley III (Libertarian) 1.4%[192]
Texas 15,D+7,Vicente González,Democratic,2016,Incumbent re-elected.,√ Vicente González (Democratic) 59.7%[191]
,,,,,,Tim Westley (Republican) 38.7%[191]
,,,,,,Anthony Cristo (Libertarian) 1.6%[192]
Texas 16,D+17,Beto O'Rourke,Democratic,2012,Incumbent retired to run for U.S. Senator.,√ Veronica Escobar (Democratic) 59.7%[191]
,,,,,New member elected.,Rick Seeberger (Republican) 39.7%[191]
,,,,,Democratic hold.,Ben Mendoze (Independent) 1.6%[193]
Texas 17,R+12,Bill Flores,Republican,2010,Incumbent re-elected.,√ Bill Flores (Republican) 56.9%[191]
,,,,,,Rick Kennedy (Democratic) 41.3%[191]
,,,,,,Peter Churchman (Libertarian) 1.9%[192]
Texas 18,D+27,Sheila Jackson Lee,Democratic,1994,Incumbent re-elected.,√ Sheila Jackson Lee (Democratic) 75.2%[191]
,,,,,,Ava Pate (Republican) 20.8%[191]
,,,,,,Luke Spencer (Libertarian) 2.2%[192]
Texas 19,R+27,Jodey Arrington,Republican,2016,Incumbent re-elected.,√ Jodey Arrington (Republican) 75.3%[191]
,,,,,,Miguel Levario (Democratic) 24.7%[191]
Texas 20,D+10,Joaquín Castro,Democratic,2012,Incumbent re-elected.,√ Joaquín Castro (Democratic) 80.9%[191]
,,,,,,Jeffrey Blunt (Libertarian) 19.1%[192]
Texas 21,R+10,Lamar Smith,Republican,1986,Incumbent retired.,√ Chip Roy (Republican) 50.3%[191]
,,,,,New member elected.,Joseph Kopser (Democratic) 47.5%[191]
,,,,,Republican hold.,Lee Santos (Libertarian) 2.1%[192]
Texas 22,R+10,Pete Olson,Republican,2008,Incumbent re-elected.,√ Pete Olson (Republican) 51.4%[191]
,,,,,,Sri Preston Kulkarni (Democratic) 46.4%[191]
,,,,,,John McElligott (Libertarian) 1.1%[192]
,,,,,,Kellen Sweny (Independent) 1.1%[193]
Texas 23,R+1,Will Hurd,Republican,2014,Incumbent re-elected.,Ruben Corvalan (Libertarian) 2.1%[192]
,,,,,,√ Will Hurd (Republican) 49.2%[191]
,,,,,,Gina Ortiz Jones (Democratic) 48.7%[191]
Texas 24,R+9,Kenny Marchant,Republican,2004,Incumbent re-elected.,√ Kenny Marchant (Republican) 50.7%[191]
,,,,,,Jan McDowell (Democratic) 47.5%[191]
,,,,,,Mike Kolls (Libertarian) 1.9%[192]
Texas 25,R+11,Roger Williams,Republican,2012,Incumbent re-elected.,√ Roger Williams (Republican) 53.6%[191]
,,,,,,Julie Oliver (Democratic) 44.7%[191]
,,,,,,Desarae Lindsey (Libertarian) 1.7%[192]
,,,,,,Martin Luecke (Independent)[193]
Texas 26,R+18,Michael Burgess,Republican,2002,Incumbent re-elected.,√ Michael Burgess (Republican) 59.4%[191]
,,,,,,Linsey Fagan (Democratic) 39.0%[191]
,,,,,,Mark Boler (Libertarian) 1.6%[192]
Texas 27,R+13,Michael Cloud,Republican,2018 (Special),Incumbent re-elected.,√ Michael Cloud (Republican) 60.3%[191]
,,,,,,Eric Holguin (Democratic) 36.6%[191]
,,,,,,James Duerr (Independent) 2.1%[193]
,,,,,,Daniel Tinus (Libertarian) 1.0%[192]
Texas 28,D+9,Henry Cuellar,Democratic,2004,Incumbent re-elected.,√ Henry Cuellar (Democratic) 84.4%[191]
,,,,,,Arthur Thomas IV (Libertarian) 15.6%[192]
Texas 29,D+19,Gene Green,Democratic,1992,Incumbent retired.,√ Sylvia Garcia (Democratic) 75.1%[191]
,,,,,New member elected.,Phillip Aronoff (Republican) 23.9%[191]
,,,,,Democratic hold.,Cullen Burns (Libertarian) 1.0%[192]
Texas 30,D+29,Eddie Bernice Johnson,Democratic,1992,Incumbent re-elected.,√ Eddie Bernice Johnson (Democratic) 91.1%[191]
,,,,,,Shawn Jones (Libertarian) 8.9%[192]
Texas 31,R+10,John Carter,Republican,2002,Incumbent re-elected.,√ John Carter (Republican) 50.6%[191]
,,,,,,Mary Jennings Hegar (Democratic) 47.6%[191]
,,,,,,Jason Hope (Libertarian) 1.7%[192]
Texas 32,R+5,Pete Sessions,Republican,1996,Incumbent lost re-election.,√ Colin Allred (Democratic) 52.2%[191]
,,,,,New member elected.,Pete Sessions (Republican) 45.9%[191]
,,,,,Democratic gain.,Melina Baker (Libertarian) 2.0%[192]
Texas 33,D+23,Marc Veasey,Democratic,2012,Incumbent re-elected.,√ Marc Veasey (Democratic) 76.1%[191]
,,,,,,Willie Billups (Republican) 21.9% [191]
,,,,,,Jason Reeves (Libertarian) 1.9%[192]
Texas 34,D+10,Filemon Vela Jr.,Democratic,2012,Incumbent re-elected.,√ Filemon Vela Jr. (Democratic) 60.0%[191]
,,,,,,Rey Gonzalez (Republican) 40.0%[191]
Texas 35,D+15,Lloyd Doggett,Democratic,1994,Incumbent re-elected.,√ Lloyd Doggett (Democratic) 71.2%[191]
,,,,,,David Smalling (Republican) 26.1%[191]
,,,,,,Clark Patterson (Libertarian) 2.7%[192]
Texas 36,R+26,Brian Babin,Republican,2014,Incumbent re-elected.,√ Brian Babin (Republican) 72.6%[191]
,,,,,,Dayna Steele (Democratic) 27.4%[191]
Utah 1,R+26,Rob Bishop,Republican,2002,Incumbent re-elected.,√ Rob Bishop (Republican) 61.6%[194]
,,,,,,Lee Castillo (Democratic) 26.9%[195]
,,,,,,Eric Eliason (United Utah) 11.6%[195]
,,,,,,Adam Davis (Green)[195]
Utah 2,R+16,Chris Stewart,Republican,2012,Incumbent re-elected.,√ Chris Stewart (Republican) 56.1%[194]
,,,,,,Shireen Ghorbani (Democratic) 38.9%[195]
,,,,,,Jeffrey Whipple (Libertarian) 4.0%[195]
Utah 3,R+25,John Curtis,Republican,2017 (Special),Incumbent re-elected.,√ John Curtis (Republican) 67.5%[195]
,,,,,,Gregory Duerden (Independent American)[195]
,,,,,,James Singer (Democratic) 27.3%[195]
,,,,,,Timothy Zeidner (United Utah) 2.6%[195]
Utah 4,R+13,Mia Love,Republican,2014,Incumbent lost re-election.,√Ben McAdams (Democratic) 50.1%[195][196]
,,,,,New member elected.,Mia Love (Republican) 49.9%[195]
,,,,,Democratic gain.,
Vermont at-large,D+15,Peter Welch,Democratic,2006,Incumbent re-elected.,√ Peter Welch (Democratic) 69.3%[197]
,,,,,,Anya Tynio (Republican) 26.0%[197]
,,,,,,Cris Ericson (Independent) 3.3%
,,,,,,Laura Potter (Liberty Union) 1.4%
Virginia 1,R+8,Rob Wittman,Republican,2007 (Special),Incumbent re-elected.,√ Rob Wittman (Republican) 55.2%[198]
,,,,,,Vangie Williams (Democratic) 44.8%[199]
Virginia 2,R+3,Scott Taylor,Republican,2016,Incumbent lost re-election.,√ Elaine Luria (Democratic) 51.1%[199]
,,,,,New member elected.,Scott Taylor (Republican) 48.9%[200]
,,,,,Democratic gain.,
Virginia 3,D+16,Bobby Scott,Democratic,1992,Incumbent re-elected.,√ Bobby Scott (Democratic) Unopposed[198]
Virginia 4,D+10,Donald McEachin,Democratic,2016,Incumbent re-elected.,√ Donald McEachin (Democratic) 62.5%[198]
,,,,,,Ryan McAdams (Republican) 36.1%[200]
,,,,,,Pete Wells (Libertarian) 1.4%[201]
Virginia 5,R+6,Tom Garrett,Republican,2016,Incumbent retired.,√ Denver Riggleman (Republican) 53.3%[202]
,,,,,New member elected.,Leslie Cockburn (Democratic) 46.7%[203]
,,,,,Republican hold.,
Virginia 6,R+13,Bob Goodlatte,Republican,1992,Incumbent retired.,√ Ben Cline (Republican) 59.8%[204]
,,,,,New member elected.,Jennifer Lewis (Democratic) 40.2%[199]
,,,,,Republican hold.,
Virginia 7,R+6,Dave Brat,Republican,2014,Incumbent lost re-election.,√ Abigail Spanberger (Democratic) 50.4%[199]
,,,,,New member elected.,Dave Brat (Republican) 48.4%[205]
,,,,,Democratic gain.,Joe Walton (Libertarian) 1.2%[201]
Virginia 8,D+21,Don Beyer,Democratic,2014,Incumbent re-elected.,√ Don Beyer (Democratic) 76.3%[198]
,,,,,,Thomas Oh (Republican) 23.7%[206]
Virginia 9,R+19,Morgan Griffith,Republican,2010,Incumbent re-elected.,√ Morgan Griffith (Republican) 65.2%[198]
,,,,,,Anthony Flaccavento (Democratic) 34.8%[199]
Virginia 10,D+1,Barbara Comstock,Republican,2014,Incumbent lost re-election.,√ Jennifer Wexton (Democratic) 56.2%[199]
,,,,,New member elected.,Barbara Comstock (Republican) 43.8%[200]
,,,,,Democratic gain.,
Virginia 11,D+15,Gerry Connolly,Democratic,2008,Incumbent re-elected.,√ Gerry Connolly (Democratic) 71.2%[198]
,,,,,,Jeff Dove (Republican) 27.0%[198]
,,,,,,Stevan Porter (Libertarian) 1.8%[207]
Washington 1,D+6,Suzan DelBene,Democratic,2012,Incumbent re-elected.,Jeffrey Beeler (Republican)[208]
,,,,,,√ Suzan DelBene (Democratic)[208]
Washington 2,D+10,Rick Larsen,Democratic,2000,Incumbent re-elected.,√ Rick Larsen (Democratic)[208]
,,,,,,Brian Luke (Libertarian)[208]
Washington 3,R+4,Jaime Herrera Beutler,Republican,2010,Incumbent re-elected.,√ Jaime Herrera Beutler (Republican)[208]
,,,,,,Carolyn Long (Democratic)[208]
Washington 4,R+13,Dan Newhouse,Republican,2014,Incumbent re-elected.,Christine Brown (Democratic)[208]
,,,,,,√ Dan Newhouse (Republican)[208]
Washington 5,R+8,Cathy McMorris Rodgers,Republican,2004,Incumbent re-elected.,Lisa Brown (Democratic)[208]
,,,,,,√ Cathy McMorris Rodgers (Republican)[208]
Washington 6,D+6,Derek Kilmer,Democratic,2012,Incumbent re-elected.,Douglas Dightman (Republican)[208]
,,,,,,√ Derek Kilmer (Democratic)[208]
Washington 7,D+33,Pramila Jayapal,Democratic,2016,Incumbent re-elected.,√ Pramila Jayapal (Democratic) 83.4%[208]
,,,,,,Craig Keller (Republican) 16.6%[208]
Washington 8,EVEN,Dave Reichert,Republican,2004,Incumbent retired.,Dino Rossi (Republican)[208]
,,,,,New member elected.,√ Kim Schrier (Democratic)[208][209]
,,,,,Democratic gain.,
Washington 9,D+21,Adam Smith,Democratic,1996,Incumbent re-elected.,√ Adam Smith (Democratic)[208]
,,,,,,Sarah Smith (Democratic)[208][209]
Washington 10,D+5,Denny Heck,Democratic,2012,Incumbent re-elected.,Joseph Brumbles (Republican)[208]
,,,,,,√ Denny Heck (Democratic)[208]
West Virginia 1,R+19,David McKinley,Republican,2010,Incumbent re-elected.,√ David McKinley (Republican) 64.6%[210]
,,,,,,Kendra Fershee (Democratic) 35.4%[210]
West Virginia 2,R+17,Alex Mooney,Republican,2014,Incumbent re-elected.,√ Alex Mooney (Republican) 54.0[210]
,,,,,,Talley Sergent (Democratic) 42.9[210]
,,,,,,Daniel Lutz (Mountain) 3.1[211][212]
West Virginia 3,R+23,Vacant,,,Rep. Evan Jenkins (R) resigned after the filing deadline.,√ Carol Miller (Republican) 56.4%[210]
,,,,,New member elected.,Richard Ojeda (Democratic) 43.6%[210]
,,,,,Republican hold.,
Wisconsin 1,R+5,Paul Ryan,Republican,1998,Incumbent retired.,√ Bryan Steil (Republican) 54.6%[213]
,,,,,New member elected.,Randy Bryce (Democratic) 42.63[213]
,,,,,Republican hold.,Ken Yorgan (Independent) 3.1%[213]
Wisconsin 2,D+18,Mark Pocan,Democratic,2012,Incumbent re-elected.,√ Mark Pocan (Democratic) Unopposed[213]
Wisconsin 3,EVEN,Ron Kind,Democratic,1996,Incumbent re-elected.,√ Ron Kind (Democratic) 59.7%[213]
,,,,,,Steve Toft (Republican) 40.3%[213]
Wisconsin 4,D+25,Gwen Moore,Democratic,2004,Incumbent re-elected.,√ Gwen Moore (Democratic) 75.7%[213]
,,,,,,Tim Rogers (Republican) 21.7%[213]
,,,,,,Robert Raymond (Independent) 2.6%[213]
Wisconsin 5,R+13,Jim Sensenbrenner,Republican,1978,Incumbent re-elected.,√ Jim Sensenbrenner (Republican) 62.0%[213]
,,,,,,Tom Palzewicz (Democratic) 38.0%[213]
Wisconsin 6,R+8,Glenn Grothman,Republican,2014,Incumbent re-elected.,√ Glenn Grothman (Republican) 55.5%[213]
,,,,,,Dan Kohl (Democratic) 44.5%[213]
Wisconsin 7,R+8,Sean Duffy,Republican,2010,Incumbent re-elected.,√ Sean Duffy (Republican) 60.2%[213]
,,,,,,Margaret Engebretson (Democratic) 38.5%[213]
,,,,,,Ken Driessen (Direct Participatory Democracy) 1.4%[213]
Wisconsin 8,R+7,Mike Gallagher,Republican,2016,Incumbent re-elected.,√ Mike Gallagher (Republican) 63.7%[213]
,,,,,,Beau Liegeois (Democratic) 36.3%[213]
Wyoming at-large,R+25,Liz Cheney,Republican,2016,Incumbent re-elected.,√ Liz Cheney (Republican) 63.7%[214]
,,,,,,Greg Hunter (Democratic) 29.8%[214]
,,,,,,Richard Brubaker (Libertarian) 3.5%
